item_code,quantity,cost_price,description
2216,44,0.50,SAMPLES
12480,35,23.00,SELECT GREY MARKER: 3-0X1-0X0-2 POL TOP/ SAWN SIDES
14507,32,42.00,"LIGHT GREY MARKER  FOR BRONZE PLAQUES: 2-4X1-6X0-4 PT SS W/ FOUR 1"" dia. Thru holes as per template"
2035,30,5.00,REPLICA
6615,27,22.00,SELECT GREY VASE: 0-4 DIA. X 0-10 ALL POL TURNED
15100,22,35.00,ROYAL PINK MARKER: 2-0X1-0X0-4 PT/ SS
1894,20,38.00,"BLACK MARKER: 2-0X1-0X0-4 PT SS ( ¼ "" TOLERANCE)"
6341,20,46.00,"DELUXE GREY MARKER FOR BRONZE PLAQUES: 2-4X1-6X0-4 PT SS W/ FOUR 1"" dia. Thru Holes as per template"
7700,19,30.00,SELECT GREY VASE: 0-5 DIA X 0-9 ALL POLISHED TURNED (WITH CORE HOLE AND DRAIN HOLE)
2772,16,3.40,"G654 PAVING BLOCKS: 1-6X1-6X0-1 5/8"" FLAMED TOP, BALANCE SAWN"
2844,16,5.00,replica
6862,15,6.50,"BLACK DESK NAME PLATES: 1-1X0-2 1/4X0-2 1/4 ALL POL W/ 3/8"" TOP & BOTTOM NOSE (AS PER SKETCH)"
7067,15,38.00,BLACK VASE: 0-4 DIA. X 0-10 ALL POL TURNED WITH COREHOLE & SIDE DRAINHOLE
4741,14,49.00,STRAWBERRY RED MARKER: 2-0X1-0X0-4 PT SS
1085,13,224.00,BLACK DIE: 1-10X0-8X2-6 POL5 SERP TOP
6859,13,46.00,"LIGHT GREY MARKER FOR BRONZE PLAQUES: 2-4X1-4X0-4 PT SS W/ FOUR 1"" dia. Thru holes & ONE 6""  VASEHOLE as per template"
1055,12,196.00,BLACK DIE: 1-8X0-8X2-6 POL5 SERP TOP
1965,12,5.00,BLACK NAMEPLATES: 1-1X0-2.5X0-2.5 ALL POL (AS PER SKETCH)
9912,12,15.00,"BLACK OVAL INSERT: 0-7X0-10 POL TOP BAL SMOOTH 3/8"" THICK PER TEMPLATE"
11987,12,59.00,"STRAWBERRY RED MARKER: 2-0X1-2X0-4 POL TOP,  BALANCE SAWN"
2561,11,54.50,DELUXE GREY  BASE: 2-0X1-0X0-8 PT BRP
4851,11,72.00,SELECT GREY HICKEY: 2-4X1-4X0-6/0-4 PT BRP WITH 4  DRILL HOLES (AS PER SKETCH)
13608,11,56.00,"LIGHT GREY MARKER  FOR BRONZE PLAQUES: 2-4X1-6X0-4 PT SS W/ FOUR 1"" dia. Thru holes as per template"
1697,10,174.00,BLACK SLANT: 2-0X1-0X1-6 POL 2 (FACE&TOP POL) SERP TOP SAWN BACK BRP
1908,10,46.00,INDIA RED MARKER: 2-0X1-0X0-4 PT SS
3170,10,135.00,SELECT GREY DIE: 1-10X0-8X2-4 POL 5 SERP TOP
10641,10,20.50,SELECT GREY VASE: 0-4 DIA. X 0-9 ALL POL TURNED
1270,9,91.00,BLACK BASE: 2-4X1-0X0-8 PT SAWN BACK BRP
11104,9,28.00,SELECT GREY MARKER: 2-0X1-2X0-4 PT/BRP
11300,9,109.50,"DELUXE GREY SLANT: 2-0X0-10X1-6 POL 2 SERP(FACE & TOP POL) 2"" TOP NOSE, 3"" RP BOTTOM NOSE BACKSAWN & TWO SIDES ROCK PITCH"
12782,9,128.10,"DELUXE GREY SLANT: 2-0X1-0X1-6 POL 1 SERP TOP ( POLISHED FACE/ 2"" TOP 3"" BOTTOM ROCK PITCH NOSE/ ROCK PITCH ENDS/ SMOOTH BACK"
14511,9,46.00,"LIGHT GREY MARKER  FOR BRONZE PLAQUES: 2-4X1-8X0-4 PT SS W/ FOUR 1"" dia. Thru holes as per template"
14953,9,50.00,"MOZART RUBY MARKER FOR BRONZE PLAQUES: 2-4X1-6X0-4 PT SS W/ four 1"" dia. Thru holes as per template"
2774,8,6.00,"G654 PAVING BLOCKS: 2-0X2-0X0-1 5/8"" FLAMED TOP, BALANCE SAWN"
2786,8,55.00,DELUXE GREY BASE: 2-4X1-0X0-8 PT SB BRP
3103,8,98.00,"BLACK BASE: 2-0X1-0X0-8 PT BRP 2"" POL MARGIN"
3197,8,111.50,SELECT GREY BASE: 3-6X1-2X0-8 PT SB BRP
3618,8,114.00,SELECT GREY DIE: 1-8X0-8X2-4 POL2 (FRONT/BACK) SERP TOP BRP
5212,8,89.00,DELUXE GREY DIE: 1-8X0-8X2-6 POL2 (FRONT&BACK) BRP SERP TOP
5749,8,48.00,"LIGHT GREY MARKER  FOR BRONZE PLAQUES: 2-4X1-6X0-4 PT SS w/ four 1"" dia. Thru drill holes & 6"" dia Vasehole as per template"
6362,8,52.00,DELUXE GREY BASE: 2-0X1-0X0-8 PT/ SB/ BRP
15101,8,37.00,ROYAL PINK MARKER: 2-0X1-0X0-4 PT/ BRP
1049,7,150.00,"BLACK DIE: 1-8X0-8X2-0 POL 5 SERP TOP (¼"" TOLERANCE)"
1080,7,209.00,BLACK DIE: 1-10X0-8X2-4 POL5 SERP TOP
1252,7,72.00,BLACK BASE: 2-0X1-0X0-6 PT BRP
1694,7,175.00,"BLACK SLANT:  2-0X1-0X1-6 ALL POL  FLAT TOP 2"" TOP & 3"" BOTTOM NOSE"
1895,7,38.00,BLACK MARKER: 2-0X1-0X0-4 PT BRP
2471,7,134.00,DELUXE GREY DIE: 1-10X0-8X2-6 POL 2 SERP TOP
2785,7,104.00,DELUXE GREY DIE: 1-8X0-8X2-6 POL5 SERP TOP
9983,7,28.00,BLACK VASE: 0-3 DIA X 0-9 ALL POLISHED STANDARD TURNED
10290,7,40.00,"CHARCOAL GREY GRASS MARKER: 2-0X1-0X0-4 POL TOP, BALANCE ROCK PITCH"
11089,7,58.00,STRAWBERRY RED MARKER: 2-0X1-0X0-4 PT BRP
11308,7,63.00,DELUXE GREY BASE: 3-0X1-0X0-8 PT BRP
11788,7,27.20,DELUXE GREY MARKER: 2-0X1-0X0-4 PT BRP
13636,7,106.00,"DELUXE GREY SLANT: 2-0X0-10X1-6 POL 1 (FACE POL)  SERP TOP ( 2"" TOP 3"" BOTTOM NOSE & ENDS ROCK PITCH) SAWN BACK"
1014,6,78.00,BLACK BASE: 2-0X1-0X0-8 PT SB BRP
1053,6,170.00,BLACK DIE: 1-8X0-8X2-2 POL 5 SERP TOP
1057,6,210.00,"BLACK DIE: 1-8X0-8X2-8 POL 5 SERP TOP (¼"" TOLERANCE)"
2905,6,41.00,SELECT GREY BASE: 2-0X1-0X0-6 PT BRP
9468,6,91.00,"SELECT GREY SLANT: 2-0X0-10X1-4 POL3 (TOP,FACE,BACK POL) SERP TOP, 2"" TOP NOSE, ROCK PITCH ENDS & 3"" BOTTOM NOSE RP"
9631,6,40.00,"CHARCOAL GREY GRASS MARKER: 2-0X1-0X0-4 POL TOP, BALANCE SAWN"
11298,6,26.00,"DELUXE GREY MARKER: 2-0X1-0X0-4 POL TOP, BALANCE SAWN"
11309,6,123.00,DELUXE GREY DIE: 1-8X0-8X2-4 POL 5 SERP TOP
13630,6,72.00,DELUXE GREY BEVEL MARKER (HICKEY): 2-4X1-4X0-4/0-6  PT BRP WITH 4 DRILL- HOLES PER TEMPLATE
13662,6,122.00,DELUXE GREY DIE: 1-8X0-8X2-4 POL2 BRP SERP TOP
15056,6,49.00,"LIGHT GREY MARKER  FOR BRONZE PLAQUES: 2-4X1-8X0-4 PT SS W/ FOUR 1"" dia. thru holes and one 6"" vasehole as per template"
1054,5,183.00,BLACK DIE: 1-8X0-8X2-4 POL 5 SERP TOP
1064,5,235.00,BLACK DIE: 1-8X0-8X3-0 POL 5 SERP TOP
5005,5,48.00,"G664 PINK MARKER FOR BRONZE PLAQUES: 2-4X1-6X0-4 PT SS W/ 6"" VASE HOLE & FOUR 1""  dia Thru holes"
5092,5,44.00,AURORA MARKER: 2-0X1-0X0-4 PT SS
10172,5,200.00,INDIA MIST DIE: 1-10X0-8X2-4 POL 5 SERP TOP
11475,5,28.00,RED-MULTI GRASS MARKER: 2-0X1-0X0-4 PT SS
11582,5,196.00,"STRAWBERRY RED DIE: 1-8X0-8X2-0 POL 5 SERP TOP (¼"" TOLERANCE)"
11984,5,33.20,DELUXE GREY BASE: 2-0X1-0X0-6 PT/ BRP
12702,5,80.00,STRAWBERRY RED BASE: 2-0X1-0X0-6 PT BRP
12833,5,76.00,"CHINA BARRY HICKEY: 2-0X1-0X1-0/ 0-10 SAWN TOP/ SAWN 1 4/3"" MARGIN/ ROCK PITCH BACK / BRP ( AS PER SKETCH)"
13123,5,48.00,"LIGHT GREY MARKER  FOR BRONZE PLAQUES: 2-4X1-4X0-4 PT SIDES SAWN W/ FOUR 1"" dia. Thru holes as per template"
13655,5,45.00,DELUXE GREY HICKEY 2-0X1-0X0-6/0-4 PT BRP
14064,5,57.00,BLACK MARKER: 3-0X1-0X0-4 PT/SS
14510,5,43.00,"REGAL PINK MARKER FOR BRONZE PLAQUES: 2-4X1-8X0-4 PT SS W/ four 1"" dia. Thru holes as per template"
15331,5,9.25,"DELUXE GREY MARKER: 1-4X0-8X0-4 PT, BALANCE SAWN"
1015,4,78.00,BLACK BASE: 2-0X1-0X0-8 PT BRP
1087,4,187.00,BLACK DIE: 1-10X0-8X2-6 POL2 SERP TOP
1088,4,298.00,BLACK DIE: 1-10X0-8X2-6 ALL POL STACKED HEART
1323,4,148.00,BLACK BASE: 4-0X1-0X0-8 PT BRP
1324,4,180.00,"BLACK BASE: 4-0X1-0X0-8 PT BRP  2"" POL MARGIN"
1499,4,61.00,"INDIA RED BASE: 2-0X0-10X0-8 PT SB BRP (¼"" TOLERANCE)"
1695,4,189.00,"BLACK SLANT: 2-0X1-0X1-6 POL2 FLAT TOP (POLISHED 2"" TOP NOSE AND FACE/ 3"" ROCK PITCH FRONT NOSE AND ENDS/ SAWN BACK)"
1696,4,174.00,"BLACK SLANT: 2-0X1-0X1-6 ALL POL SERP TOP (2"" TOP 3""BOTTOM NOSE)"
1896,4,40.00,BLACK MARKER: 2-0X1-2X0-4 PT SS
1900,4,38.00,BLUE MARKER: 2-0X1-0X0-4 PT SS
2206,4,65.00,EVERGREEN MARKER: 2-0X1-0X0-4 PT SS
2378,4,51.00,IMPERIAL PINK MARKER: 2-0X1-0X0-4 PT SS
3081,4,63.50,DELUXE GREY BASE: 2-4X1-0X0-8 PT BRP
3177,4,187.00,SELECT GREY DIE: 2-8X0-8X2-4 POL 5 SERP TOP
3265,4,260.00,"STRAWBERRY RED DIE: 1-8X0-8X2-8 POL5 SERP TOP (¼"" TOLERANCE)"
3285,4,39.00,DELUXE GREY BASE: 2-0X1-0X0-6 PT SB BRP
3441,4,128.00,SELECT GREY DIE: 1-10X0-8X2-6 POL2 BRP SERP TOP
3457,4,221.00,SELECT GREY DIE: 3-0X0-8X2-6 POL5 SERP TOP
4104,4,72.50,DELUXE GREY BASE: 2-6X1-0X0-8 PT/ BRP
4638,4,324.00,STRAWBERRY RED DIE: 3-0X0-8X2-0 POL 5 SERP TOP
5681,4,30.00,IMPERIAL PINK VASE: 0-4X0-10 ALL POLISHED TURNED (STANDARD)
6571,4,41.00,INDIA RED MARKER: 2-0X1-0X0-4 PT BRP
7423,4,173.00,DELUXE GREY DIE: 2-0X0-8X2-9 POL5  SERP TOP
8396,4,86.00,GREY BASE: 2-4X1-2X0-8 ALL POLISHED
8411,4,7.00,"BLACK MINI MONUMENTS: DIE: 0-5""X0-3/4""X0-7"" ALL POL SERP / BASE: 0-7""X0-1 1/2"" X0-3/4"" PT/BRP"
8489,4,125.00,SELECT GREY BENCH: SEAT 4-0X1-2X0-4 POL 5  STRAIGHT TOP WITH DOWEL HOLES  W/ 1-0X0-4X1-2 ALL POLISHED HARP SHAPE LEGS (AS PER TEMPLATE)
9447,4,132.00,DELUXE GREY DIE: 1-8X0-8X2-6 POL 5 SERP TOP
9938,4,75.00,BLACK MARKER: 2-4X1-6X0-4 PT/ SS  WITH 4 DRILL HOLES (AS PER TEMPLATE)
11119,4,154.00,STRAWBERRY RED BASE: 3-6X1-0X0-8 PT/ BRP
11583,4,84.00,"STRAWBERRY RED BASE: 2-0X0-10X0-8 PT SB BRP (¼"" TOLERANCE)"
12617,4,189.00,CHARCOAL GREY DIE: 1-10X0-8X2-6 POL 2 SERP TOP (POLISHED FRONT AND BACK / ROCK PITCH TO AND ENDS)
13286,4,56.25,"CAPPUCCINO GRASS MARKER: 2-0X1-0X0-4 PT, BAL SAWN"
15102,4,190.00,ROYAL PINK DIE: 1-10X0-8X2-6 POL 5 SERP TOP
15103,4,61.00,ROYAL PINK BASE: 2-0X1-0X0-6 PT/BRP
15232,4,32.00,"BLACK GRANITE TOP & BOTTOM: 0-4X0-4X0-1.25 PER TEMPLATE WITH HOLES DRILLED PER TEMPLATE, ALL SURFACES ARE POLISHED"
1012,3,65.00,"BLACK BASE: 2-0X0-10X0-8 PT SB BRP (¼"" TOLERANCE)"
1056,3,180.00,BLACK DIE: 1-8X0-8X2-6 POL 2 BRP SERP TOP
1092,3,269.50,BLACK DIE: 1-10X0-8X3-0 POL 5 SERP TOP
1171,3,262.00,BLACK DIE: 2-6X0-8X2-4 POL5 SERP TOP
1216,3,494.00,BLACK DIE: 3-6X0-8X3-0 POL 5 SERP TOP
1271,3,105.00,"BLACK BASE: 2-4X1-0X0-8 PT BRP 2"" POL MARGIN"
1275,3,110.00,BLACK BASE: 2-4X1-0X0-10 PT SB BRP
1281,3,97.50,BLACK BASE: 2-6X1-0X0-8 PT BRP
1285,3,114.00,BLACK BASE: 2-6X1-2X0-8 PT BRP
1293,3,117.00,BLACK BASE: 3-0X1-0X0-8 PT BRP
1334,3,204.00,BLACK BASE: 4-0X1-0X1-0 ALL POL
1453,3,269.00,STRAWBERRY RED DIE: 1-10X0-8X2-6 POL 5 SERP TOP
1504,3,88.00,INDIA RED BASE: 2-0X1-0X0-8 PT BRP
1557,3,184.00,BAHAMA BLUE DIE: 1-8X0-8X2-6 POL 5 SERP TOP
1682,3,133.00,"BLACK SLANT: 2-0X0-10X1-4 ALL POL SERP TOP (2"" TOP NOSE 3"" BOTTOM NOSE)"
1683,3,133.00,"BLACK SLANT: 2-0X0-10X1-4 POL 2 SERP TOP (POLISHED 2"" TOP NOSE & FACE/ SAWN BACK/ 3"" ROCK PITCH FRONT NOSE AND ENDS)"
1777,3,90.00,SOUTH  AFRICAN IMPALA BASE: 2-0X1-0X1-0 ALL POL
1899,3,38.00,BLUE MARKER: 2-0X1-0X0-4 PT BRP
2281,3,326.00,BLACK DIE: 3-0X0-8X2-6 POL 2 (FRONT & BACK POL)  BRP SERP TOP
2317,3,40.00,CATS EYE MARKER: 2-0X1-0X0-4 PT SS
2453,3,50.00,BLACK VASE: 0-10X0-10X0-10 ALL POL (4 SIDES TAPER) PER SKETCH
2956,3,240.00,BLACK DIE: 2-0X0-8X2-8 POL 5 SERP TOP
2973,3,90.00,BLACK BASE: 2-2X1-8X0-4 ALL POL
3024,3,42.00,"IMPERIAL PINK BASE: 2-0X0-10X0-6 PT SB BRP (¼"" TOLERANCE)"
3104,3,118.00,"BLACK BASE: 2-6X1-0X0-8 PT BRP 2"" POL MARGIN"
3182,3,54.00,SELECT GREY BASE: 2-0X1-0X0-8 PT BRP
3195,3,80.50,SELECT GREY BASE: 3-0X1-0X0-8 PT BRP
3208,3,91.00,BLACK BASE: 2-4X1-0X0-8 PT BRP
3274,3,96.00,"SELECT GREY BASE: 3-6X1-0X0-8 PT, BRP"
3474,3,126.00,"BLACK SLANT: 2-0X1-0X1-0 POL 2 SERP TOP (2"" POLISHED TOP & FACE / SAWN BACK/ ROCK PITCH ENDS AND 3"" FRONT NOSING)"
3591,3,170.00,DELUXE GREY DIE: 3-0X0-8X2-6 POL5 SERP TOP
3802,3,54.00,SELECT GREY BASE: 2-0X1-0X0-8 PT SB BRP
3859,3,108.00,SELECT GREY BASE: 4-0X1-0X0-8 PT BRP
3862,3,61.00,SELECT GREY BASE: 2-4X1-0X0-8 PT BRP
4164,3,416.00,BLACK DIE: 2-6X0-8X2-2 POL5 SERP CARVED ST. ANTHONY&CHILD  11X13
4182,3,54.00,INDIA RED MARKER: 2-0X1-2X0-4 PT SS
4553,3,48.00,INDIA RED VASE: 0-4X0-4X0-10 ALL POL TURNED STANDARD SHAPE
5063,3,50.00,"LIGHT GREY MARKER G603 FOR BRONZE PLAQUES: 2-4X1-8X0-4 PT SS w/ four 1"" dia. Thru drill holes as per template"
5917,3,109.00,INDIA RED BASE: 2-4X1-0X0-8 PT/ BRP
6199,3,119.00,"STRAWBERRY RED BASE: 2-0X1-0X0-8 PT/ 2"" POL MARGIN/ BRP"
7332,3,40.20,SELECT GREY MARKER: 3-0X1-0X0-4 PT/ BRP
7342,3,141.00,"BLACK SLANT: 2-0X0-10X1-6 POL1 (FACE POL) SERP TOP, BACKSAWN, BRP, 2"" RP TOP NOSE, 3"" RP BOTTOM NOSE"
7348,3,165.00,"BLACK SLANT: 2-0X1-0X1-6 POL1 (FACE POL) SERP TOP, BACKSAWN, BRP, 2"" RP TOP NOSE, 3"" RP BOTTOM NOSE"
7441,3,8.00,SELECT GREY DIE& BASE:DIE- 0-7X0-1X0-10 ALL POL SERP TOP- BASE- 0-9X0-2.5X0-1.5 PT /BRP/ MRG   (MINI-REPLICA MONUMENT)
7546,3,102.00,BLACK HICKEY: 2-0X1-0X0-8/0-6  PT/ BRP
7787,3,850.00,BLACK DIE: 1-10X0-8X2-6 STANDING ANGEL WITH ROSE (AS PER PICTURE)
8880,3,220.00,BLACK DIE: 1-10X0-8X2-8 POL 5 SERP TOP
9608,3,212.00,CHARCOAL GREY DIE: 1-10X0-8X2-4 POL5 SERP TOP
9627,3,347.00,CHARCOAL GREY DIE: 3-0X0-8X2-4 POL5 SERP TOP
9629,3,207.00,"CHARCOAL GREY DIE: 1-8X0-8X2-6 POL5 SERP TOP (MUST BE 1/4"" TOLERANCE/ OR EXACT SIZE)"
9809,3,88.00,"CHARCOAL GREY BASE: 2-0X1-0X0-8 PT, SAWN BACK, BRP, 2"" POL MARGIN"
10051,3,85.00,SELECT GREY DIE: 1-8X0-6X2-2 POL5 SERP TOP
10449,3,131.00,"SELECT GREY SLANT: 2-0X1-0X1-6 POL1 (FACE  POL), SAWN BACK, BRP, 2"" RP FLAT TOP, 3"" RP BOTTOM NOSE"
10598,3,178.00,CHARCOAL GREY DIE: 1-8X0-8X2-6 POL2 BRP SERP TOP
10798,3,115.00,DELUXE GREY DIE: 1-8X0-8X2-2 POL 5 SERP TOP
11097,3,246.00,STRAWBERRY RED DIE: 1-8X0-8X2-6 POL 5 SERP TOP
11175,3,93.00,CHARCOAL GREY BASE: 2-4X1-0X0-8 PT/ SB/BRP
11302,3,146.00,DELUXE GREY DIE: 2-0X0-8X2-6 POL2 (FRONT&BACK POL) BRP SERP TOP
11977,3,152.00,CHARCOAL GRAY BASE: 3-6X0-10X0-10 PT/ SB/BRP
12275,3,158.00,"DELUXE GREY DIE: 2-6X0-8X2-2 POL2 (FRONT&BACK POL), BRP, SERP TOP"
12504,3,41.00,CHARCOAL GREY MARKER: 2-0X1-2X0-4 PT/ SS
12516,3,182.00,"PEARL BLACK SLANT: 2-0X1-0X1-6 ALL POL FLAT TOP (2"" TOP 3"" BOTTOM NOSE)"
12725,3,68.00,"INDIA PINK MARKER FOR BRONZE PLAQUES: 2-4X1-6X0-4 PT BRP  W/ FOUR 1"" dia. Thru Holes & ONE 6"" dia vasehole as per template"
13281,3,330.00,"CAPPUCCINO DIE: 1-8X0-8X2-8 POL5 SERP TOP (1/4"" TOLERANCE)"
13282,3,118.50,"CAPPUCCINO BASE: 2-0X0-10X0-10 PT, SAWN BACK, BRP (1/4"" TOLERANCE)"
13687,3,135.33,DELUXE GREY DIE: 2-0X0-8X2-4 POL5 SERP TOP
13737,3,321.00,SOUTH AFRICAN IMPALA DIE: 1-8X0-8X2-8 POL 5 SERP TOP
14570,3,196.00,"ROYAL PINK BASE: 4-0X1-0X0-8 PT/ 2"" POL MRG/BRP"
14592,3,139.50,ROYAL PINK DIE: 1-8X0-8X2-0 POL5 SERP
15298,3,158.00,DELUXE GREY DIE: 1-8X0-8X3-0 POL5 SERP TOP
15305,3,98.00,"DELUXE GREY SLANT: 2-0X0-10X1-4 POL 1 SERP TOP (POLISHED FACE/ ROCK PITCH TOP, ENDS AND FRONT NOSING/ SAWN BACK"
15312,3,260.00,"DELUXE GREY LEDGER: 2-4X6-0X0-6 PT, BRP, 2"" POL MARGIN  WITH 46"" x 16"" CUT-THRU PER TEMPLATE"
15340,3,107.00,"ROYAL PINK SLANT: 2-0X1-0X1-0 POL 1 OVAL TOP ( POLISHED FACE/ 2"" STEELED OVAL TOP- 1"" DROP/ SAWN BACK/ 3"" ROCK PTCH BOTTOM NOSE/ ROCK PITCH ENDS (AS PER DIAGRAM)"
1021,2,132.00,"BLACK BASE: 3-0X1-0X0-8 PT BRP 2"" POL MARGIN"
1075,2,277.00,BLACK DIE: 1-10X0-8X2-4 ALL POL STACKED HEART
1083,2,300.00,BLACK DIE: 1-10X0-8X2-6 ALL POL HEART (AS PER TEMPLATE)
1170,2,244.00,BLACK DIE: 2-6X0-8X2-2 POL5 SERP TOP
1183,2,270.00,BLACK DIE: 3-0X0-8X2-0 POL 5 SERP TOP
1184,2,306.00,BLACK DIE: 3-0X0-8X2-2 POL5 SERP TOP
1189,2,315.00,BLACK DIE: 3-0X0-8X2-4 POL 5 SERP TOP
1192,2,352.00,BLACK DIE: 3-0X0-8X2-6 POL 5 SERP TOP
1206,2,383.00,BLACK DIE: 3-6X0-8X2-4 POL 5 SERP TOP
1255,2,110.00,BLACK BASE: 2-0X1-0X1-0 PT BRP
1256,2,102.00,BLACK BASE: 2-0X1-0X1-0 ALL POL
1299,2,137.00,BLACK BASE: 3-0X1-2X0-8 PT BRP
1304,2,116.00,BLACK BASE: 3-4X1-0X0-6 ALL POL
1310,2,130.00,BLACK BASE: 3-6X1-0X0-8 PT BRP
1313,2,172.00,BLACK BASE:3-6X1-2X0-8 PT BRP
1314,2,184.00,"BLACK BASE: 3-6X1-2X0-8 PT BRP 2"" POL MARGIN"
1332,2,220.00,BLACK BASE: 4-0X1-0X1-0 PT BRP
1392,2,247.00,"IMPERIAL PINK DIE: 1-8X0-8X2-0 POL 5 SERP TOP (¼"" TOLERANCE)"
1408,2,120.00,"IMPERIAL PINK BASE: 2-0X0-10X0-8 PT SB BRP (¼"" TOLERANCE)"
1432,2,220.00,INDIA RED DIE: 1-8X0-8X2-4 POL 5 SERP
1447,2,240.00,INDIA RED DIE: 1-10X0-8X2-4 POL 5 SERP TOP
1460,2,262.00,INDIA RED DIE:  2-0X0-8X2-4 POL 5 SERP TOP
1464,2,310.00,INDIA RED DIE: 2-0X0-8X2-9 POL 5 SERP
1477,2,364.00,INDIA RED DIE: 3-0X0-8X2-4 POL 5 SERP TOP
1538,2,168.00,INDIA RED BASE: 3-6X1-2X0-8 PT BRP
1558,2,200.00,"BLUE DIE: 1-8X0-8X2-8 POL 5 SERP TOP (¼"" TOLERANCE)"
1579,2,353.00,BAHAMA BLUE DIE: 3-0X0-8X2-6 POL 5 SERP TOP
1584,2,78.00,"BLUE BASE: 2-0X0-10X0-10 PT SB BRP (¼"" TOLERANCE)"
1585,2,64.00,BLUE BASE:  2-0X1-0X0-6 PT BRP
1586,2,78.00,BAHAMA BLUE BASE: 2-0X1-0X0-8 PT BRP
1661,2,106.00,DELUXE GREY DIE: 1-8X0-8X2-0 POL 5 SERP TOP
1685,2,141.00,"BLACK SLANT: 2-0X0-10X1-6 POL 2 SERP TOP (POLISHED 2"" TOP & FACE/  SB/ 3"" ROCK PITCH FRONT NOSE/ BRP"
1686,2,150.00,"BLACK SLANT: 2-0X0-10X1-6 ALL POL SERP TOP (2"" TOP 3"" BOTTOM NOSE)"
1748,2,133.00,IMPALA BLACK DIE: 1-8X0-8X2-0 POL5 SERP TOP
1810,2,53.00,TROPICAL GREEN BASE: 2-0X0-10X0-8 PT SB BRP
1997,2,113.00,"INDIA RED BASE 2-0X1-0X0-8 PT BRP 2"" MARGIN"
2111,2,108.00,SELECT GREY DIE: 1-8X0-8X2-2 POL 5 SERP TOP
2178,2,68.00,BLACK BASE: 2-0X1-0X0-6 PT SAWN BACK BRP
2358,2,130.00,BAHAMA BLUE BASE: 3-6X1-0X0-8 PT BRP
2564,2,72.00,DELUXE GREY BASE: 3-6X1-0X0-8 PT BRP
2748,2,146.00,BLUE DIE: 1-8X0-8X2-6 POL 2 SERP TOP (POLISHED FRONT AND BACK / ROCK PITCH TOP AND ENDS)
2890,2,96.00,"IMPERIAL PINK BASE: 3-6X0-10X0-10 PT SB BRP ¼"" TOLERANCE"
2899,2,220.00,SELECT GREY DIE: 1-10X0-8X2-6 POL5 SERP CARVED CWC 10 X 10
2957,2,175.00,BLACK DIE: 1-10X0-8X2-4 POL 2 SERP TOP POL FACE & BACK (ROCK PITCH TOP & SIDES)
3006,2,86.00,DELUXE GREY BASE: 3-6X1-2X0-8 PT BRP
3168,2,100.00,"SELECT GREY DIE: 1-8X0-8X2-0 POL 5 SERP TOP (1/4"" TOLERANCE)"
3175,2,170.00,SELECT GREY DIE: 2-6X0-8X2-4 POL 5 SERP TOP
3192,2,61.00,SELECT GREY BASE: 2-4X1-0X0-8 PT SB BRP
3243,2,402.00,©BLACK DIE: 2-6X0-8X2-2 POL5 SERP CARVED CWC 12X12
3276,2,237.00,SELECT GREY DIE: 3-6X0-8X2-4 POL5 SERP TOP
3286,2,97.00,SELECT GREY DIE: 1-8X0-8X2-2 POL2 SERP TOP BRP
3294,2,110.00,"SELECT GREY SLANT: 2-0X0-10X1-6 POL2(TOP&FACE), BACKSAWN,BRP,SERP TOP,2""TOP & 3"" BOTTOM NOSE"
3472,2,216.00,"EVERGREEN BASE: 3-6X0-10X0-8 PT SB BRP ¼"" TOLERANCE"
3477,2,301.00,BLACK DIE: 3-0X0-8X2-4 POL2 SERP TOP  (POL FRONT & BACK/ BRP)
3607,2,130.00,SELECT GREY DIE: 1-8X0-8X2-6 POL5 SERP TOP
3704,2,209.00,"BLACK WING: 2-6X0-8X1-8 ALL POL W/ 1"" CHECKS AT TOP, BACK & ONE END ( AS PER SKETCH )"
3733,2,222.44,RAINBOW RED DIE: 1-10X0-8X2-4 POL5 SERP TOP
3819,2,60.00,BLACK VASE: 0-8X0-8X0-10 ALL POL TURNED
3855,2,239.00,SELECT GREY DIE: 3-6X0-8X2-4 POL2 (FRONT&BACK) BRP SERP TOP
3860,2,100.00,SELECT GREY FLANGE MARKER: 2-4X1-4X0-8 PT SB BRP AS PER FAXED SKETCH
4032,2,101.00,BLACK BASE: 2-4X1-2X0-8 PT BRP
4059,2,270.00,BLACK DIE: 2-0X0-8X3-0 POL 5 SERP TOP
4156,2,12.00,BLACK MARKER: 1-2X0-8X0-4 PT BRP
4188,2,193.00,BLACK DIE: 1-11X0-8X1-10 ALL POL ( AS PER E-MAILED TEMPLATE)
4239,2,27.20,SELECT GREY MARKER: 2-0X1-0X0-4 PT BRP
4287,2,307.00,©BLACK DIE: 1-8X0-8X2-2 POL5 SERP CARVED 10X12 ST. ANTHONY & CHILD
4475,2,295.00,BLACK DIE: 1-8X0-8X2-2 POL5 SERP SHJ 10X12
4739,2,114.00,"BAHAMA BLUE BASE: 2-4X1-0X0-8 PT SB BRP 2"" POL MARGIN (3 SIDES)"
4806,2,114.00,"BLACK BASE: 2-4X1-0X0-8 PT POL FRONT BEVEL SAWN BACK BRP 2"" Rock Nose"
4811,2,115.00,INDIA RED HICKEY: 2-0X1-0X0-6/0-4 PT BRP
4861,2,123.00,SELECT GREY DIE: 1-8X0-8X2-4 POL5 SERP TOP
4867,2,678.00,BLACK DIE: 1-10X0-8X2-6 WINGED ANGEL WITH HEART & CARVED ROSES
4988,2,56.00,CATS EYE MARKER: 2-0X1-0X0-4 PT BRP
5036,2,142.00,SELECT GREY DIE: 2-0X0-8X2-6 POL5 SERP TOP
5128,2,97.00,"SELECT GREY SLANT: 2-0X0-10X1-4 POL 2 SERP(FACE & TOP POL) 2"" TOP NOSE, 3"" RP BOTTOM NOSE BACKSAWN & TWO SIDES ROCK PITCH"
5161,2,10.00,BLACK COPINGS: 2-10X0-4X0-2 ENDS POL FRONT & ENDS
5386,2,127.00,"SELECT GREY SLANT: 2-0X1-0X1-6 POL2 (FACE & TOP POL), SAWN BACK, BRP, 2"" FLAT TOP, 3"" RP BOTTOM NOSE"
5591,2,28.00,EVERGREEN URN: 0-10X0-6X0-6 ALL POL RETANGLE SHAPE
5600,2,220.00,SELECT GREY DIE: 3-0X0-8X2-6 POL2 (FRONT&BACK POL) BRP SERP TOP
5874,2,62.00,SELECT GREY BASE: 2-6X1-2X0-8 STEELED TOP/ SB/ BRP
5920,2,200.00,INDIA MAHAGONY  5-2X3-3X0-1  WITH BEVEL ( AS PER TEMPLATE)
5982,2,7.50,BLACK REPLICA: DIE: 0-5X0-0.75X0-7 ALL POL SERP TOP/ BASE: 0-7X1.5X0.75 PT BRP
6000,2,117.00,BLACK BASE: 3-0X1-0X0-8 PT/ SB/ BRP
6062,2,108.00,CATS EYE BASE: 2-6X1-0X0-6 PT BRP
6531,2,28.00,BLACK MARKER: 1-4X1-5X0-4 PT/SS
6540,2,114.00,BLACK BASE: 2-6X1-2X0-8 PT/ SB/ BRP
6544,2,50.00,INDIA IMPALA BLACK VASE: 0-6 DIA.X0-11SPECIAL SHAPE
6792,2,75.00,BLACK VASE: 0-8X0-8X0-10 ALL POL SPECIAL CUT VASE
7180,2,291.00,DELUXE GREY DIE: 3-6X0-8X3-0 POL5 SERP TOP
7340,2,166.00,BLUE PEARL BASE: 2-4X1-0X0-8 PT/SAWN BACK/BRP
7424,2,220.00,DELUXE GREY DIE: 3-0X0-8X2-4 POL 5 SERP TOP
7814,2,10.00,SELECT GREY INCENCE BURNER: 0-4 X0-4X 0-5 ALL POL
8171,2,254.00,BLACK BENCH: 4-0X1-2X0-4 ALL POLISHED STRAIGHT SEAT= 1 PC / LEGS 0-4X1-0X1-2 ALL POLISHED HARP SHAPE = 2PCS
8182,2,76.00,BLACK BASE: 2-0X1-0X0-6 PT/ POLISHED BEVEL FRONT/ BRP (AS PER SKETCH/ TEMPLATE )
8634,2,156.00,BLACK DIE: 1-8X0-8X2-2 POL 2  BRP SERP TOP
8638,2,133.00,"BLACK SLANT: 2-0X0-10X1-4 POL1 SERP TOP (POL FACE/ 2"" TOP 3"" ROCK PITCH FRONT NOSE AND ENDS/ SAWN BACK"
8778,2,10.00,LIBERTY GREY INCENCE BOWL: 0-4X0-4X0-4 All Pol Rond per drawing
8795,2,18.00,SELECT GREY INCENSE CUP: 0-4 DIA 0-6 TURNED ALL POLISHED (AS PER SKETCH)
9036,2,95.00,SELECT GREY BASE: 3-6X1-0X0-8 PT/ SB/ BRP
9091,2,126.00,SELECT GREY DIE: 2-0X0-8X2-4 POL5 FLAT TOP
9163,2,12.00,SELECT GREY VASE: 0-4X0-4X0-3.5  TURNED INCENSE BOWLS ALL POLISHED (AS PER SKETCH)
9249,2,175.00,INDIA RED WINGS: 1-3X0-7X2-4 ALL POLISHED CURVED (AS PER SKETCH/ TEMPLATE)
9445,2,172.00,LIBERTY GREY DIE: 3-0X0-8X2-0 POL 5 SERP TOP
9630,2,74.50,"CHARCOAL GREY BASE: 2-0X1-0X0-6  PT, BRP"
9744,2,550.00,SELECT GREY DIE: 1-10X0-8X2-4 CARVED ANGEL OVER HEART WITH CARVED ROSES (CARVED FRONT & WING END ONLY)
9869,2,98.00,BLACK BASE: 2-4X1-2X0-6 PT BRP
9936,2,232.00,"CHARCOAL GREY BASE: 4-0X1-2X0-8 PT, BRP, 2"" POL MARGIN"
9956,2,200.00,"BLACK WING: 2-2X0-8X2-0 ALL POL W/ 1"" CHECKS AT TOP, BACK & ONE END ( AS PER SKETCH )"
10050,2,142.00,BLACK DIE: 1-8X0-6X2-2 POL5 SERP TOP
10166,2,223.50,"CHARCOAL GREY SLANT: 2-0X1-0X1-6 POL2  SERP TOP (2"" POLISHED TOP NOSE AND FACE/ 3"" ROCK PITCH FRONT NOSE AND END/ SAWN BACK"
10171,2,86.00,"INDIA MIST BASE: 2-4X1-0X0-8 PT, SAWN BACK, BRP"
10495,2,176.00,CHARCOAL GREY DIE: 1-10X0-8X2-4 POL2 BRP SERP TOP
10546,2,117.00,BLACK DIE: 1-6X0-6X2-0 POL3 BRP SERP TOP
10554,2,24.00,SELECT GREY: 0-4X1-0X1-2 ALL POL CURVED BENCH LEGS
10555,2,38.00,BLACK MARKER: 2-0X1-0X0-4 PT SAWN BACK BRP
10581,2,176.00,CHARCOAL GREY DIE: 1-10X0-8X2-4 POL 3 SERP TOP ( POLISHED FRONT BACK AND TOP/ ROCK PITCH ENDS)
10590,2,223.50,"CHARCOAL GREY SLANT: 2-0X1-0X1-6 ALL POL SERP TOP WITH 2"" TOP & 3"" BOTTOM NOSE"
10747,2,103.00,"CHARCOAL GREY BASE: 2-0X0-10X0-10 PT/ SAWN BACK/ BRP (1/4"" TOLERANCE)"
10802,2,166.00,CHARCOAL GREY DIE: 1-8X0-8X2-0 POL5 SERP TOP
10803,2,82.50,"CHARCOAL GREY BASE: 2-0X0-10X0-8 PT, SAWN BACK, BRP"
10846,2,93.00,"CHARCOAL GREY BASE: 2-4X1-0X0-8 PT, BRP"
10904,2,345.00,CHARCOAL GREY DIE: 3-0X0-8X2-8 POL 5 SERP TOP
11055,2,80.00,CHARCOAL GREY BASE: 2-0X1-0X0-8 PT/BRP
11100,2,216.00,"STRAWBERRY RED BASE: 4-0X1-0X0-8 PT BRP 2"" POL MARGIN"
11181,2,103.00,STRAWBERRY RED BASE: 2-0X1-0X0-8 PT BRP
11187,2,230.00,CHARCOAL GREY DIE: 2-6X0-8X2-2 POL2 BRP SERP TOP
11189,2,124.00,"CHARCOAL GREY BASE: 2-6X1-0X0-8 PT, 2"" POL MARGIN, BRP"
11289,2,260.00,"CHARCOAL GREY BASE: 3-6X1-0X1-0 PT/BRP/2"" POL MARGIN"
11301,2,106.50,DELUXE GREY DIE: 1-10X0-8X2-4 POL 2 SERP TOP (POL FRONT & BACK) ROCK PITCH TOP AND ENDS)
11304,2,171.00,"DELUXE GREY DIE: 2-6X0-8X2-4 POL2 (FRONT&BACK POL), BRP, SERP TOP"
11333,2,157.00,"BLUE PEARL BASE: 2-0X1-0X0-8 PT/SAWN BACK/ BRP WITH 2"" POL MRG ON 3 RP ENDS"
11613,2,280.00,BLACK DIE: 1-10X0-8X2-6 ALL POLISHED SPECIAL POINT JOB (AS PER TEMPLATE/ SKETCH)
11625,2,42.00,STRAWBERRY RED VASE: 0-4X0-4X0-9 ALL POLISHED TURNED VASE
11707,2,300.00,STRAWBERRY  RED DIE: 1-10X0-8X2-4 ALL POL SINGLE HEART
12001,2,215.00,CATS EYE DIE: 1-8X0-8X2-6 POLISHED 2 SERP TOP (POLISHED FRONT AND BACK/ ROCK PITCH TOP AND ENDS)
12038,2,440.00,STRAWBERRY RED DIE: 3-6X0-8X2-4 POL 5 SERP TOP
12083,2,480.00,INDIA IMPALA DIE: :3-6X0-8X2-4 ALL POL SERP TOP WITH CURVED/ TAPERED ENDS (AS PER SKETCH)
12238,2,120.00,CHARCOAL GREY DIE: 1-8X0-8X2-4 POL 2 SERP TOP (POLISHED FRONT AND BACK/ ROCK PITCH TOP AND ENDS)
12342,2,120.00,STRAWBERRY RED BALLS: 0-6.5 DIA X0-6.5 ALL POLISHED TURNED WITH DOWEL HOLES (AS PER DIAGRAM)
12490,2,243.00,BLACK DIE: 1-10X0-8X2-10 POL 5 SERP TOP
12558,2,71.00,"INDIA PINK MARKER FOR BRONZE PLAQUES: 2-4X1-6X0-4 PT BRP WITH FOUR 1"" dia. Thru holes as per template"
12789,2,153.00,GREY PEARL DIE: 1-10X0-8X2-4 POL5 SERP TOP
12790,2,72.00,"GREY PEARL BASE: 2-0X1-0X0-8 PT, BRP, 2"" POL MRG"
12791,2,83.00,"GREY PEARL BASE: 2-4X1-0X0-8 PT, SAWN BACK, BRP"
12949,2,56.00,PEARL BLACK MARKER: 2-0X1-0X0-4 PT/ BRP
12951,2,146.00,"PEARL BLACK SLANT: 2-0X1-0X1-4 ALL POLISHED FLAT TOP 2"" TOP 3"" BOTTOM NOSE"
13075,2,78.00,BAHAMA BLUE BASE: 2-0X1-0X0-8 PT / SB / BRP
13191,2,65.00,"SHANDONG GREY MARKER FOR BRONZE PLAQUES: 1-8X2-4X0-4 PT SS w/ six 1"" dia. Thru drill holes & 6"" dia Vasehole as per template"
13447,2,131.00,BLACK BASE: 4-0X1-2X0-4 PT BRP
13530,2,63.00,DELUXE GREY BASE: 3-0X1-0X0-8 PT SAWN BACK BRP
13663,2,135.50,DELUXE GREY DIE: 2-6X0-8X2-2 POL5 SERP TOP
13666,2,137.00,DELUXE GREY DIE: 2-0X0-8X2-4 POL 2 SERP TOP ( POLISHED FRONT AND BACK / ROCK PITCH TOP AND ENDS)
13738,2,120.00,SOUTH AFRICAN IMPALA BASE: 2-0X0-10X0-10 PT/ SB/ BRP
13749,2,74.00,RAINBOW SANDSTONE BASE: 2-0X1-0X0-8 PT/BRP
13892,2,300.00,MODEL FOR DEMONSTRATIONAL PURPOSE
13957,2,146.50,DELUXE GREY DIE: 2-6X0-6X2-2 POL5 SERP TOP
14285,2,188.00,"INDIA MAHOGANY HICKEY: 2-4X1-8X0-6/0-4 PT/ 2"" POL MRG /BRP WITH 4 DRILL HOLES ( AS PER DIAGRAM)"
14361,2,234.00,BLACK LEDGER: 3-0X2-0x0-8 PT/ BRP
14422,2,23.00,BLACK GALAXY CORNER POSTS: 0-8X0-8X0-6 ALL POL
14569,2,399.00,ROYAL PINK DIE: 3-6X0-8X2-4 POL 5 SERP TOP
14590,2,226.00,ROYAL PINK DIE: 2-6X0-8X2-2 POL5  SERP TOP
14593,2,91.00,ROYAL PINK BASE: 2-2X1-2X0-8 PT SAWN BACK BRP
14610,2,83.50,"ROYAL PINK BASE: 2-0X1-0X0-8 PT, BRP, 2"" POL MRG."
14844,2,203.00,ROYAL PINK BENCH: 4-0X1-2X0-4 ALL POLISHED STRAIGHT SEAT= 1 PC / LEGS 0-4X1-0X1-2 ALL POLISHED HARP SHAPE = 2PCS
14950,2,441.00,STRAWBERRY RED DIE: 3-0X0-8X2-6 POL 2 SERP TOP (POLISHED FRONT AND BACK / ROCK PITCH TOP AND END)
15077,2,174.00,GREY PEARL DIE: 1-8X0-8X2-6 POL 5 SERP TOP
15141,2,45.00,"BLUE MARKER: 2-0X1-2X0-4 PT, BAL SAWN"
15233,2,32.00,"BAHAMA BLUE GRANITE TOP & BOTTOM: 0-6X0-6X0-1.25 PER TEMPLATE WITH HOLES DRILLED PER TEMPLATE, ALL SURFACES ARE POLISHED"
15316,2,189.00,DELUXE GREY DIE: 2-0X0-8X3-0 POL 5 SERP TOP
15319,2,62.00,DELUXE GREY BASE: 2-0X1-0X1-0 PT BRP
1011,1,280.00,BLACK DIE: 2-2X0-8X3-0 POL2 SERP TOP (POLISHED FRONT AND BACK / ROCK PITCH TOP AND ENDS)
1068,1,300.00,BLACK DIE: 1-8X0-8X3-0 ALL POL ANTON
1073,1,285.00,BLACK DIE: 1-8X0-10X3-0 POL 5 SERP TOP
1076,1,270.00,BLACK DIE: 1-10X0-8X2-4 ALL POL HEART
1077,1,268.00,BLACK DIE: 1-10X0-8X2-4 BOOK OF LIFE (PAGES ALSO POLISHED WITH PAGE LINES)
1079,1,255.00,BLACK DIE: 1-10X0-8X2-4 ALL POL ANTON
1116,1,210.00,BLACK DIE: 2-0X0-8X2-4 POL5 SERP TOP
1117,1,224.00,BLACK DIE: 2-0X0-8X2-4 POL 5 FLAT TOP
1129,1,247.00,BLACK DIE: 2-0X0-8X2-9 POL 5 SERP TOP
1162,1,186.00,BLACK DIE: 2-4X0-8X2-0 POL 5 SERP TOP
1253,1,70.00,BLACK BASE: 2-0X1-0X0-6 ALL POL
1259,1,80.00,BLACK BASE: 2-2X1-0X0-8 PT BRP
1295,1,135.00,"BLACK BASE: 3-0X1-0X0-8 PT/2"" POL MRG (3) SIDES/ SAWN BACK / BRP"
1315,1,160.00,BLACK BASE: 3-6X1-2X0-8 PT SB BRP
1320,1,152.00,BLACK BASE: 4-0X1-0X0-6 ALL POL
1342,1,182.50,BLACK BASE: 4-0X1-2X0-8 PT BRP
1345,1,271.00,BLACK BASE: 4-0X1-2X1-0 ALL POL
1393,1,161.00,IMPERIAL PINK DIE: 1-8X0-8X2-2 POL 5 SERP TOP
1417,1,156.00,IMPERIAL PINK BASE: 3-8X1-1X0-8 PT SB BRP
1438,1,270.00,INDIA RED DIE: 1-8X0-8X3-0 POL 5 SERP TOP
1442,1,308.00,INDIA RED DIE: 1-10X0-8X2-4 ALL POL SINGLE HEART
1448,1,252.00,STRAWBERRY RED DIE 1-10X0-8X2-4 POL 5 SERP TOP
1455,1,310.00,INDIA RED DIE:  1-10X0-8X3-0 POL 5 SERP TOP
1469,1,329.00,INDIA RED DIE: 2-6X0-8X2-4 POL 5 SERP TOP
1471,1,350.00,INDIA RED DIE: 2-8X0-8X2-4 POL 5 SERP TOP
1478,1,337.00,INDIA RED DIE: 3-0X0-8X2-6 POL 5 SERP TOP
1486,1,504.00,INDIA RED DIE: 3-6X0-8X3-0 POL 5 SERP TOP
1500,1,96.00,"STRAWBERRY  RED BASE: 2-0X0-10X0-10 PT SB BRP (¼"" TOLERANCE)"
1501,1,104.00,INDIA RED BASE: 2-0X0-10X0-10 PT/ SB/  BRP
1509,1,100.00,INDIA RED BASE: 2-0X1-0X1-0 ALL POL
1510,1,132.00,INDIA RED BASE: 2-0X1-0X1-0 PT BRP
1515,1,118.00,STRAWBERRY RED BASE: 2-4X1-0X0-8 PT/SB/ BRP
1516,1,109.00,INDIA RED BASE: 2-4X1-0X0-8 PT SB BRP
1523,1,105.00,STRAWBERRY RED BASE: 2-6X1-2X0-6 PT BRP
1527,1,140.00,INDIA RED BASE: 3-0X1-0X0-8 PT BRP
1528,1,156.00,"INDIA RED BASE: 3-0X1-0X0-8 PT, BRP, 2"" POL MARGIN"
1529,1,129.00,INDIA RED BASE: 3-0X1-2X0-8 PT BRP
1534,1,142.00,INDIA RED BASE: 3-6X1-0X0-8 PT BRP
1540,1,182.00,INDIA RED BASE: 3-6X1-2X0-8 PT SB BRP
1546,1,206.00,INDIA RED BASE: 4-0X1-2X0-8 PT BRP
1556,1,187.00,BAHAMA BLUE DIE: 1-8X0-8X2-2 POL 5 SERP TOP
1561,1,211.00,BAHAMA BLUE DIE: 1-10X0-8X2-4 POL5 SERP TOP
1564,1,206.00,BAHAMA BLUE DIE: 1-10X0-8X2-6 POL 5 SERP TOP
1576,1,343.00,BLUE DIE: 3-0X0-8X2-4 POL 5 SERP TOP
1594,1,91.00,BAHAMA BLUE BASE:  2-4X1-0X0-8 PT SB BRP
1609,1,167.00,PARADISO DIE: 1-8X0-8X2-6 POL 5 SERP TOP
1634,1,53.00,PARADISO BASE: 2-0X0-10X0-8 PT SB BRP
1637,1,54.00,PARADISO BASE: 2-0X1-0X0-6 PT BRP
1643,1,74.00,PARADISO BASE: 2-4X1-0X0-8 PT SB BRP
1649,1,96.00,PARADISO BASE: 3-0X1-0X0-8 PT BRP
1650,1,115.00,PARADISO BASE: 3-0X1-2X0-8 PT BRP
1663,1,116.00,DELUXE GREY DIE: 1-10X0-8X2-6 POL 5 SERP TOP
1710,1,142.00,"BAHAMA BLUE SLANT:  2-0X0-10X1-6 POL2 SERP (POLISHED TOP AND FACE) SAWN BACK, BRP  (2"" TOP 3"" BOTTOM NOSE)"
1736,1,170.00,"INDIA RED SLANT:  2-0X0-10X1-6 POL 1 (FACE POLISHED) SERP TOP 2"" TOP & 3"" BOTTOM NOSING (ROCK PITCH TOP & BOTTOM NOSE + ENDS)"
1737,1,180.00,INDIA RED SLANT: 2-0X0-10X1-6 ALL POL SERP TOP
1749,1,170.00,INDIA MIST DIE: 1-8X0-8X2-2POL 5 SERP TOP
1750,1,204.00,INDIA IMPALA DIE: 1-8X0-8X2-6 POL 5 SERP TOP
1772,1,62.00,INDIA IMPALA BASE: 2-0X0-10X0-10 PT SB BRP
1774,1,82.00,INDIA MIST BASE: 2-0X1-0X0-8 PT BRP
1811,1,62.00,"TROPICAL GREEN BASE: 2-0X0-10X0-10 PT SB BRP (¼"" TOLERANCE)"
1847,1,100.00,PASTEL PINK DIE: 1-8X0-8X2-0 POL 5 SERP TOP
1850,1,178.50,ROYAL PINK DIE: 1-10X0-8X2-4 POL 5 SERP TOP
1855,1,248.00,INDIA PINK DIE: 2-0X0-8X2-9 BOOK OF LIFE
1860,1,78.00,PINK JUPARANA BASE: 2-0X1-0X0-8 PT BRP
1861,1,84.00,ROYAL PINK BASE: 2-4X1-0X0-8 PT SB BRP
1873,1,220.00,RED MULTI DIE: 2-0X0-8X2-9 POL 5 SERP TOP
1892,1,15.00,BLACK MARKER: 1-4X0-8X0-4 PT SS
1904,1,16.00,INDIA PINK MARKER: 2-0X1-0X0-4 PT SS
1909,1,42.00,"INDIA RED MARKER: 2-0X1-4X0-4 PT BRP (¼"" TOLERANCE)"
1918,1,84.00,BLACK GALAXY BASE: 2-0X0-10X0-8 PT SB BRP
1922,1,112.00,BLACK GALAXY BASE: 2-4X1-0X0-8 PT/SB/ BRP
1946,1,122.00,BLACK HICKEY: 2-0X1-0X1-0/0-10 ALL POL
1948,1,142.00,BLACK HICKEY: 2-0X1-0X1-0/0-10 PT BRP
1978,1,510.00,MIKE KITCHEN COUNTER
2070,1,237.00,BLACK DIE: 1-10X0-8X2-6 GR-425 ALL POL
2071,1,237.00,BLACK DIE: 1-10X0-8X2-6 GR-434 ALL POL
2123,1,73.00,"SELECT GREY BASE: 2-4X1-0X0-8 PT BRP   2"" POL MARGIN"
2196,1,126.00,"EVERGREEN BASE: 2-0X0-10X0-8 PT SB BRP (¼"" TOLERANCE)"
2217,1,188.00,"CATS EYE DIE: 1-8X0-8X2-0 POL5 SERP ¼"" TOLERANCE"
2226,1,88.00,CATS EYE BASE: 2-0X1-0X0-8 PT BRP
2235,1,94.00,IMPERIAL PINK BASE: 2-0X1-0X0-8 PT BRP
2238,1,150.00,IMPERIAL PINK BASE: 2-4X1-0X0-10 PT SB BRP
2256,1,70.00,TROPICAL GREEN BASE: 2-10X0-10X0-4 PT BRP
2293,1,107.00,"INDIA RED BASE: 3-6X0-10X0-10 PT SB BRP (¼"" TOLERANCE)"
2338,1,250.00,BLACK DIE: 2-6X0-8X2-4 POL 2 SERP TOP (POL FRONT & BACK/ BRP)
2340,1,212.00,BLACK SLANT: 3-0X0-10X1-6 POL 2 (FACE & TOP POL) SERP SB BRP
2428,1,141.00,"INDIA MIST SLANT: 2-0X0-10X1-6 POL 2 SERP TOP (2"" TOP NOSE 3"" BOTTOM NOSE)"
2439,1,255.00,BLACK DIE: 1-10X0-8X2-4 ALL POL MODEL 827 (AS PER SKETCH)
2442,1,330.00,PARADISO DIE: 2-0X0-8X2-9 ALL POL MODEL 824 (AS PER SKETCH)
2444,1,255.00,BLACK DIE: 1-10X0-8X2-4 ALL POL MODEL 824 (AS PER SKETCH)
2556,1,84.00,"IMPERIAL PINK BASE: 2-0X0-10X0-10 PT SB BRP(¼"" TOLERANCE)"
2568,1,86.00,PINK ROSE BASE: 2-4X1-0X0-8 PT  BRP
2661,1,170.00,"BLUE SLANT: 3-0X0-10X1-6 POL2 SERP TOP (TOP & FRONT) 2"" TOP  3"" BOTTOM NOSE"
2688,1,126.00,"BLACK BASE: 3-0X1-0X0-10 PT BRP 2"" POL MARGIN"
2725,1,170.00,"INDIA RED SLANT: 2-0X0-10X1-6 POL2 (FACE&TOP POL),SERP, 2""TOP &3"" BOTTOM NOSE"
2762,1,106.00,BLACK BASE: 2-0X1-0X1-0 PT /SB /BRP
2782,1,341.20,"EVERGREEN DIE: 1-8X0-8X2-8 POL5 SERP TOP (¼"" TOLERANCE)"
2784,1,156.50,"EVERGREEN BASE: 2-0X0-10X0-10 PT SB BRP (¼"" TOLERANCE)"
2813,1,247.00,BLACK DIE: 1-10X0-8X2-4 ALL POL MODEL GRU-240
2853,1,124.00,"BLACK BASE: 2-2X1-2X0-10 PT BRP 2"" POL MARGIN"
2893,1,169.00,SELECT GREY DIE: 1-8X0-8X2-0 POL5 SERP CARVED CWC 9 X 9
2896,1,212.00,SELECT GREY DIE: 1-10X0-8X2-4 POL5 SERP CARVED CWC 10 X 10
2904,1,439.00,SELECT GREY DIE: 3-6X0-8X2-6 POL5 SERP CARVED SHJ 13 X 16
2906,1,117.00,LIBERTY GREY BASE: 3-6X1-2X0-8 PT BRP
2908,1,114.00,SELECT GREY BASE: 4-0X1-2X0-8 PT BRP
2911,1,228.00,©BLACK DIE: 1-8X0-8X2-0 POL5 SERP CARVED SHM 8 X 10
2913,1,459.00,©BLACK DIE: 1-10X0-8X2-4 POL5 SERP CARVED SHJ 10 X 12
2917,1,324.00,©BLACK DIE: 1-10X0-8X2-6 POL5 SERP CARVED SHM 10 X 12
2919,1,416.00,©BLACK DIE: 2-0X0-8X2-9 POL5 SERP CARVED SHJ 12 X 14
2920,1,416.00,©BLACK DIE: 2-0X0-8X2-9 POL5 SERP CARVED SHM 12 X 14
2924,1,222.00,IMPERIAL PINK DIE: 1-8X0-8X2-0 POL5 SERP CARVED SHJ 8 X 10
2932,1,293.00,IMPERIAL PINK DIE: 1-10X0-8X2-6 POL5 SERP CARVED CWC 10 X 10
2978,1,52.00,REPLICA WORLD TRADE CENTER
3026,1,89.00,"IMPERIAL GREY BASE: 3-6X1-2X0-8 PT SB ,BRP, 2"" POL MARGIN ON 3 RP SIDES"
3027,1,44.00,INDIA IMPALA BASE: 2-0X1-0X0-6 PT SB BRP
3045,1,129.00,BLACK BASE: 2-0X1-2X1-0 PT SAWN BACK BRP
3066,1,247.00,"BLACK BASE: 5-0X1-1X0-10 PT BRP 2"" POL MARGIN"
3116,1,96.00,BLACK BASE: 3-0X1-0X0-6 PT BRP
3144,1,340.00,BLACK DIE: 1-10X0-8X2-4 ALL POL SPECIAL MODEL 1 (AS PER SKETCH)
3163,1,117.00,BLACK BASE: 4-0X1-2X0-4 ALL POL
3172,1,125.00,SELECT GREY DIE: 1-10X0-8X2-4 POL 2 SERP TOP (POL FRONT & BACK) ROCK PITCH TOP AND ENDS)
3178,1,210.00,SELECT GREY DIE: 3-0X0-8X2-4 POL 5 SERP TOP
3191,1,87.20,SELECT GREY BASE: 2-0X1-0X1-0 ALL POL
3196,1,110.00,SELECT GREY BASE: 3-6X1-2X0-8 PT BRP
3217,1,20.00,BLACK INSERT CROSS: 0-9 1/2X0-1 1/2X1-0 ALL POL (AS PER FULL SIZE)
3241,1,230.00,©BLACK DIE: 1-8X0-8X2-2 POL5 SERP CARVED CWC 9X9
3246,1,384.00,©BLACK DIE: 3-0X0-8X2-0 POL5 SERP CARVED SHJ 10X12
3248,1,400.00,©BLACK DIE: 2-8X0-8X2-2 POL5 SERP CARVED SHM 11X13
3252,1,383.00,SELECT GREY DIE: 1-10X0-8X2-6 POL5 SERP CARVED MWC 11X13
3301,1,157.00,ROSE PINK DIE: 1-10X0-8X2-4 POL 5 SERP TOP
3342,1,148.00,INDIA RED BASE:4-0X1-0X0-8 PT SB BRP
3346,1,310.00,"BLACK DIE: 3-2X0-8X2-4 POL 5 FLAT TOP ( MUST BE WITHIN 1/4"" TOLERANCE)"
3385,1,137.00,BLACK BASE: 3-8X1-2X0-6 PT BRP
3401,1,120.00,BLUE BASE: 3-0X1-0X0-10 PT BRP
3423,1,184.00,"IMPERIAL PINK SLANT: 2-0X1-0X1-2 POL2 (FACE & TOP) SERP BS BRP TOP, 2"" TOP & 3"" BOTTOM RP NOSE"
3435,1,355.00,BLUE PEARL DIE: 1-10X0-8X2-4 POL5 SERP
3437,1,138.00,"BLUE PEARL BASE: 2-0X0-10X0-8 PT SB BRP  2"" POL MARGIN ON 3 RP SIDES (¼"" TOLERANCE)"
3445,1,66.00,SELECT GREY BASE: 2-2X1-2X0-8 PT SB BRP
3463,1,220.00,SELECT GREY DIE: 1-10X0-8X2-6 ALL POL OPEN BOOK ON SERP TOP PER FAXED SKETCH
3499,1,235.00,EVERGREEN BASE: 2-0X1-0X1-0 ALL POL
3503,1,122.00,SELECT GREY DIE: 1-10X0-8X2-2 ALL POL BOOK OF LIFE W/9 PAGE LINES
3504,1,61.00,SELECT GREY BASE: 2-0X1-0X0-10 PT BRP
3595,1,458.00,EVERGREEN BASE: 3-6X1-2X1-0 PT SB BRP
3606,1,94.00,SELECT GREY BASE: 3-0X1-0X0-10 PT BRP
3623,1,14.00,SAMPLES BOOKS
3640,1,43.00,"G664 PINK MARKER FOR BRONZE PLAQUES: 2-4X1-4X0-4 PT SS W/ four 1"" dia. Thru holes as per template"
3677,1,282.00,"©BLACK DIE: 1-8X0-8X2-0 POL5 SERP CARVED BM 10X12 (¼"" TOLERANCE)"
3680,1,332.00,"©BLACK DIE: 1-8X0-8X2-8 POL5 SERP CARVED BM 10X12 (¼"" TOLERANCE)"
3681,1,307.00,"©BLACK DIE: 1-8X0-8X2-2 POL5 SERP CARVED MWC 10X12 (¼"" TOLERANCE)"
3703,1,979.00,BLACK DIE: 2-4X0-10X6-0 ALL POL CROSS (AS PER SKETCH AND CD)
3772,1,188.00,"BLACK BASE: 4-0X1-0X0-8 PT SB BRP 2"" POL MARGIN (3) SIDES"
3786,1,265.00,BLACK DIE: 1-10X0-8X2-6 ALL POL OPENBOOK TOP WITH PAGE LINES ( AS PER TEMPLATE)
3799,1,163.00,SELECT GREY DIE: 2-0X0-8X2-9 ALL POL OPENBOOK TOP
3814,1,138.00,IMPERIAL BROWN BASE: 3-6X1-2X0-8 PT SB BRP
3833,1,126.00,INDIA RED BASE: 3-0X1-0X0-10 PT BRP
3835,1,924.00,"INDIA BLACK DIE: 4-0X0-10X3-6 ALL POL ""ZEMEL"" AS PER FAXED SKETCH"
3842,1,1025.00,BLACK DIE: 3-6X0-8X2-4 MWC FULL STATUE 10X26 (YOUR DESIGN) ALL POL EXCEPT SCULPTURE
3863,1,25.00,SELECT GREY VASE:0-6X0-10 All Pol Turned w. cored holes & side drains
3898,1,434.00,BLACK DIE: 2-6X0-8X2-4 POL5 SERP TOP CARVED PIETA 11X13
3942,1,85.00,"SELECT GREY BASE: 3-0X1-0X0-8 PT BRP 2"" POL MARGIN"
3964,1,267.00,"BLACK DIE: 3-0X0-8X2-2 POL 2 (FRONT & BACK POL) BRP, SERP TOP"
3965,1,222.00,BLACK DIE: 2-6X0-8X2-2 POL 2  BRP SERP TOP
3985,1,330.00,INDIA RED DIE: 1-10X0-8X2-6 ALL POL SINGLE HEART
3986,1,434.00,BLUE PEARL DIE: 1-10X0-8X2-6 POL5 SERP
4004,1,83.00,COFFEE BROWN BASE: 2-4X1-0X0-8 PT SB BRP
4161,1,520.00,BLACK DIE: 3-6X0-8X2-4 ALL POL W/ RAISED STAR (AS PER SKETCH)
4183,1,219.00,INDIA IMPALA DIE: 2-0X0-8X2-4 POL 5 SERP TOP
4197,1,100.00,BLACK HICKEY: 2-0X1-0X0-10/0-8 PT BRP
4204,1,513.00,INDIA IMPALA DIE: 4-8X0-10X3-0 ALL POL FLAT STRAIGHT TOP/(NO WAVES)
4227,1,258.50,BLACK DIE: 2-0X0-8X2-9 POL 2 SERP TOP (FRONT & BACK POL) RP TOP & ENDS)
4260,1,72.00,SELECT GREY BASE: 2-0X1-2X1-0 PT BRP
4264,1,336.00,©BLACK DIE:1-10X0-8X2-4 POL5 SERP CARVED 10X12 ST. ANTHONY & CHILD
4316,1,270.00,BLACK DIE: 2-8X0-8X2-4 POL 2 SERP TOP (POLISH FRONT & BACK/ROCK PITCH TOP & SIDES)
4442,1,45.00,SELECT GREY BASE: 2-0X1-0X0-6 ALL POL
4468,1,235.00,CATS EYE DIE: 1-8X0-8X2-6 POL5 SERP TOP
4480,1,231.00,SELECT GREY DIE: 1-8X0-8X2-2 POL5 SERP ST. ANTHONY W/ CHILD 10X12
4483,1,219.00,SELECT GREY DIE: 1-8X0-8X2-2 POL5 SERP BM 10X12
4484,1,259.00,SELECT GREY DIE: 1-8X0-8X2-2 POL5 SERP  NMWC 11X13
4486,1,478.00,BLACK DIE: 2-6X0-8X2-4 POL5 SERP PIETA 12X15
4489,1,177.00,"INDIA RED BASE: 4-0X1-2X0-8 PT SB BRP 2"" POL MARGIN (3 SIDES)"
4526,1,200.00,EVERGREEN BASE: 4-0X1-0X0-8 ALL POL
4567,1,91.00,"SELECT GREY BASE: 4-4X1-0X0-8 PT,BRP"
4574,1,164.00,"SELECT GREY DIE: 2-6X0-8X2-4 POL2 (FRONT&BACK POL), BRP, SERP TOP"
4619,1,192.00,"IMPERIAL PINK DIE: 1-10X0-8X2-4 ALL POL WITH 3"" BEVEL TOP (AS PER SKETCH)"
4667,1,225.00,BLACK DIE: 2-0X0-8X2-6 POL5 SERP TOP
4719,1,48.00,BLACK VASE: 0-6X0-6X0-10 ALL POL TURNED
4733,1,64.00,BAHAMA BLUE VASE : 0-6X0-6X0-10 ALL POL TURNED
4755,1,294.00,BLUE DIE: 1-10X0-8X2-6 GR-201 New Quay
4756,1,330.00,BLACK DIE: 1-10X0-8X2-6 GR-201 New Quay
4762,1,322.00,BLACK DIE: 1-10X0-8X2-6 GR-208 Scroll & Fluted Columns
4765,1,292.00,BLACK DIE: 1-10X0-8X2-6 GR-211 Minehead
4766,1,286.00,BLACK DIE: 1-10X0-8X2-4 GR-212 Whitby
4767,1,304.00,BLACK DIE: 1-10X0-8X2-6 GR-212 Whitby
4769,1,307.00,BLACK DIE: 1-10X0-8X2-6 GR-211 Exmouth
4772,1,355.00,BLACK DIE: 1-10X0-8X2-4 GR-218 Amble
4774,1,262.00,BLACK DIE: 1-10X0-8X2-4 GR-222 OXFORD
4780,1,262.00,BLACK DIE: 1-10X0-8X2-4 GR-231
4783,1,219.00,BLUE DIE: 1-10X0-8X2-6 GR-232 Bird Haven
4793,1,343.00,BLACK DIE: 1-10X0-8X2-4 GR-237 Tynemouth (Heart)
4802,1,402.00,BLACK DIE: 1-10X0-8X2-6 GR-245 Leyburn
4847,1,205.00,SELECT GREY DIE: 3-0X0-8X2-2 POL 5 SERP TOP
4869,1,1030.00,BLACK DIE: 2-2X0-10X6-0 ALL POL CROSS (AS PER TEMPLATE E-MAILED)
4890,1,125.00,IMPERIAL PINK BASE: 2-6X1-0X0-8 PT SB BRP
4995,1,225.00,CATS EYE SLANT:3-0X0-10X1-6 ALL POL SERP TOP
5064,1,41.00,"GREY MARKER G603 FOR BRONZE PLAQUES: 2-4X1-4X0-4 PT SS W/ FOUR 1"" dia. Thru holes as per template"
5125,1,75.00,BLACK SNOWBOARD: 3-0X1-0X0-3 ALL POL (BOTTOM ALSO POLISHED) AS PER SKETCH
5157,1,652.00,BLACK DIE: 1-10X0-8X2-4 WINGED ANGEL W/ HEART & CARVED ROSES
5162,1,30.00,BLACK COPINGS: 4-6X0-4X0-2 TOP POL FRONT & ENDS
5178,1,165.00,"BLUE SLANT:2-0X1-0X1-6 POL 1 FLAT TOP (POL FACE/ 2""TOP NOSE 3"" BOTTOM NOSE ROCK PITCH / ROCK PITCH ENDS/ SAWN BACK)"
5201,1,235.00,"EVERGREEN BASE: 3-0X1-0X0-8 PT BRP 2'"" POL MARGIN"
5235,1,271.00,BLACK DIE: 2-0X0-8X2-4 ALL POL (EXCEPT TWO ROCK PITCH ENDS) OVAL TOP WITH BEVELED FRONT W SCOTIA (AS PER TEMPLATE)
5255,1,256.00,DELUXE GREY DIE: 3-6X0-8X2-6 POL 2 SERP TOP (POL FRONTAND BACK/ ROCK PITCH TOP & ENDS)
5278,1,219.00,BAHAMA BLUE DIE: 2-0X0-8X2-4 POL 5 SERP TOP
5308,1,165.00,"BLACK BASE: 3-6X1-0X0-8 PT BRP 2"" POL MARGIN"
5320,1,368.00,INDIA RED DIE: 1-10X0-8X2-4 ALL POL WITH OVERSIZED ROSE BAS RELIEF AS PER OUR FULL SIZE
5396,1,140.00,SELECT GREY DIE: 1-8X0-8X3-0 POL 2 SERP TOP  (POLISHED FRONT & BACK / ROCK PITCH TOP AND ENDS)
5432,1,150.00,BLUE DIE: 1-10X0-8X2-4 POL2 BRP GR-232 Bird Haven Design but without carving (only follow same template)
5433,1,160.00,BLUE DIE: 1-10X0-8X2-6 POL2 BRP GR-232 Bird Haven Design but without carving (only follow same template)
5444,1,86.00,SELECT GREY MARKER: 2-2X1-2X1-4 STEEL 2 OVAL TOP ( STEELED TOP AND FRONT/ BRP)
5480,1,30.00,DARK AURORA GRASS MARKER: 2-0X1-0X0-4 PT SS
5490,1,48.50,"SELECT GREY BASE: 2-6X1-0X0-6 PT,BRP"
5541,1,265.00,SELECT GREY DIE: 3-0X0-10X2-6 POL 5 SERP TOP
5614,1,410.00,BLACK DIE: 1-10X0-8X3-6 SPECIAL MODEL B (AS PER SKETCH)
5669,1,105.00,"PARADISO BASE: 2-4X1-0X0-8 PT/ BS/ BRP/ 2"" POL MRG. ON 3 RP ENDS"
5781,1,205.00,CHINA PINK (G-663) REPLICA OF CAR: 1-2X0-6 1/2 X 0-4 1/2
5798,1,93.00,"BLUE BASE: 2-4X1-0X0-8 PT, BRP"
5809,1,250.00,SELECT GREY GARDEN BENCH: SEAT: 4-0X1-2X0-2 = 1 PC/ BACK 4-0X0-2X1-1 = 1 PC/ LEGS  0-3X1-6X2-3 = 2 PCS
5866,1,231.00,CATS EYE BASE: 4-0X1-0X1-0 PT/ SB/ BRP
5930,1,90.00,BLACK BASE: 2-0X1-0X0-10 ALL POL
6020,1,610.00,"BLACK DIE: 4-0X0-8X2-4 POL 2 SERP WITH CARVED PIETA 14X18 NICHE 2"" DEEP (AS PER TEMPLATE)"
6046,1,144.00,INDIA RED BASE: 3-10X1-2X0-6 PT BRP
6050,1,99.00,INDIA RED BASE: 3-0X1-0X0-6 PT BRP
6052,1,119.00,INDIA RED BASE: 2-6X1-2X0-6 PT BRP
6058,1,165.00,CATS EYE DIE: 2-0X0-8X2-2 POL5 SERP
6078,1,81.00,PARADISO BASE: 3-0X1-0X0-6 PT BRP
6083,1,216.00,"CATS EYE SLANT: 3-0X0-10X1-4 POL 1 SERP TOP (POLISHED FACE / 2"" TOP 3"" BOTTOM ROCK PITCH NOSE/ ROCK PITCH ENDS / SAWN BACK)"
6087,1,122.00,"INDIA RED SLANT:  2-0X0-10X1-4 POL 3 SERP (FACE,BACK & TOP POL), ENDS & 3"" BOTTOM NOSE ROCK PITCH"
6108,1,158.00,CATS EYE CURVED BENCH TOP: 4-0X1-4X0-4 POL5 WITH TWO HARP SHAPED LEGS: 0-4X1-0X1-2 ALL POL & DOWEL HOLES AS PER SKETCH
6119,1,105.00,"BLUE BASE: 3-10X1-2X0-6 PT, BRP"
6158,1,298.00,PARADISO DIE: 2-6X0-8X2-2 ALL POL SINGLE HEART AS PER OUR TEMPLATE
6171,1,325.00,CATS EYE DIE: 2-6X0-8X2-2 ALL POL SINGLE HEART AS PER OUR TEMPLATE
6172,1,420.00,CATS EYE DIE: 3-0X0-8X2-4 ALL POL SINGLE HEART AS PER OUR TEMPLATE
6173,1,325.00,CATS EYE DIE: 2-6X0-8X2-2 ALL POL DOUBLE HEART AS PER OUR TEMPLATE
6206,1,180.00,STRAWBERRY RED BASE: 3-6X1-2X0-8 PT/BRP
6255,1,62.00,"BLACK VASE: 0-10X0-10X1-0 ALL POL 4 SIDES TAPERED VASE, 5""DIAx8""deep corehole & 1/4"" drainhole PER CAD SKETCH"
6256,1,60.00,"BLACK VASE: 0-8X0-8X0-10 ALL POL (4 SIDES TAPER) 3""DIAx6"" deep corehole, 1/4"" drainhole PER CAD SKETCH"
6258,1,59.00,BLACK MARKER: 2-4X1-4X0-4 PT/ SS
6354,1,137.00,BLACK BASE: 3-6X1-0X0-8 PT/ SB/ BRP
6383,1,25.00,INDIA IMPALA BLACK VASE: 0-5X0-5X0-10 ALL POL TURNED VASE (STANDARD)
6427,1,620.00,IMPERIAL PINK DIE: 1-10X0-8X2-4 WINGED ANGEL W/ HEART & CARVED ROSES
6428,1,103.00,"IMPERIAL PINK BASE: 2-0X1-0X0-8 POL2 (POLISHED TOP & POL FRONT BEVEL / 2"" RP BOTTOM NOSE/ BRP"
6461,1,126.00,INDIA IMPALA BASE: 2-2X1-2X1-0 ALL POL
6468,1,136.00,"GALAXY BLACK BASE: 2-10X1-0X0-8 PT, BRP"
6475,1,176.00,"BLACK COLUMN: 0-10X0-10X4-2 ALL POL SQUARE WITH 2 DOWEL HOLES 1 1/2"" DIA."
6502,1,348.00,BLUE PEARL DIE: 1-8X0-8X2-6 POL 5 SERP TOP
6523,1,291.00,SELECT GREY DIE: 2-0X0-10X4-0 POL5 SERP TOP
6550,1,42.00,INDIA IMPALA BASE: 1-0X1-0X0-10 ALL POL
6578,1,44.00,SELECT GREY DIE: 1-8X0-9X1-6 FLAT TOP POL 1 SB BRP
6585,1,276.00,DELUXE GREY DIE: 3-6X0-8X2-6 POL 5 SERP TOP
6598,1,225.00,"SELECT GREY DIE: 1-10X0-8X2-4 POL2, BRP, SERP WITH TREE AS IN PHOTO"
6712,1,191.00,BLACK DIE: 2-0X0-8X2-6 POL 2 SERP TOP (POLISHED FRONT AND BACK/ ROCKPITCH TOP AND ENDS)
6732,1,270.00,BLACK DIE: 1-8X0-8X2-6 ALL POL HEART
6808,1,139.00,"BAHAMA BLUE SLANT: 2-6X0-10X1-4 POL 1 (FACE) SERP TOP BRP (2"" TOP AND 3"" FRONT NOSINGS)"
6809,1,0.00,"CATS EYE DIE: 3-6X0-8X2-4 ALL POL DIAMOND, CHECKS, AND CHAMFERS"
6821,1,282.00,"IMPERIAL RED DIE(LARGE GRAIN): 2-2X0-8X2-6 POL 5 SERP TOP WITH A 3"" DROP"
6831,1,159.00,BLACK DIE: 1-10X0-8X2-0 POL 5 FLAT TOP W/ BEVEL (AS PER SKETCH)
6841,1,148.00,BAHAMA BLUE BASE: 3-6X1-2X0-6 PT BRP
6881,1,462.00,INDIA RED CROSS: 2-0X0-8X3-0 POL2 (FRONT & BACK POL) BALANCE SAWN AS PER E-MAILED TEMPLATE
6943,1,144.00,"INDIA RED HICKEY: 2-0X1-0X1-0/0-8 PT/ 2"" POL MRG 3SIDES/ ROCK PITCH BACK"
7024,1,544.00,SELECT GREY DIE: 5-0X0-10X3-0 POL 5 SERP TOP
7050,1,167.00,EVERGREEN BASE: 3-0X1-0X0-6 PT SAWN BACK BRP
7064,1,86.00,RED MULTI BASE: 2-4X1-0X0-8 PT/ BRP
7146,1,159.00,BLACK BASE: 4-0X1-1X0-8 PT/ SB/BRP
7149,1,65.00,BLACK MENORA: 1-0X1-0X0-2 ALL SURFACES POLISHED AS PER OUR SKETCH
7196,1,240.00,SELECT GREY DIE: 1-10X0-8X2-4 POL5 SERP WITH SANDBLAST ROSES
7276,1,30.00,IMPERIAL PINK VASE: 6X10 ALL POLISHED TURNED VASE
7365,1,107.00,"SELECT GREY BASE: 3-8X1-2X0-8 PT, BRP"
7400,1,126.00,BLACK BASE: 3-6X1-2X0-6 PT/ BRP
7422,1,175.50,DELUXE GREY DIE: 1-10X0-8X2-4 ALL POL SINGLE HEART
7429,1,109.00,DELUXE GREY BASE: 4-0X1-0X0-8 PT BRP
7456,1,202.00,"BLACK SLANT: 3-0X0-10X1-6 POL1 (FACE POL) SERP TOP, BACKSAWN, BRP, 2"" RP TOP NOSE, 3"" RP BOTTOM NOSE"
7534,1,165.00,SELECT GREY DIE: 2-0X0-8X2-9 ALL POL DOUBLE HEART (AS PER SKETCH)
7552,1,110.00,"SELECT GREY SLANT: 2-0X0-10X1-6 POL 1 (FACE POL)  SERP TOP ( 2"" TOP 3"" BOTTOM NOSE & ENDS ROCK PITCH) SAWN BACK"
7603,1,85.00,INDIA IMPALA VASE: 0-8 DIA X1-0 ALL POL (AS PER PHOTO/SKETCH)
7621,1,87.00,"LIBERTY GREY BASE: 3-6X1-2X0-8 STEELED TOP, STEELED 2"" MARGIN FOUR SIDES, BRP"
7647,1,92.00,TROPICAL GREEN BASE: 2-6X1-0X0-8 PT/BRP
7654,1,258.00,ORIENTAL IMPALA DIE: 3-0X0-8X2-0 POL 5 SERP TOP
7658,1,326.00,BLUE PEARL DIE: 1-10X0-8X2-4 POL 2 SERP TOP (POLISHED FRONT AND BACK/ ROCK PITCH TOP AND ENDS)
7663,1,142.00,SELECT GREY DIE: 1-10X0-8X2-4 ALL POLISHED ANTON SHAPE
7842,1,170.00,SELECT GREY DIE: 1-10X0-8X2-4 ALL POL OPEN BOOK TOP WITH PAGE LINES
7882,1,85.00,BLACK VASE: 0-6 DIA. X 1-10 ALL POL TURNED VASE
7897,1,310.00,BLACK DIE: 3-4X0-8X2-4 POL 5 SERP TOP
7903,1,200.00,BLACK DIE: 2-0X0-8X2-4 POL2 (FRONT & BACK POL/BRP)  SERP TOP
7925,1,165.00,SELECT GREY HICKEY: 4-4X1-8X0-6/0-4 PT/ BRP WITH DRILL HOLES (AS PER TEMPLATE)
7966,1,118.00,BLACK BASE: 2-6X1-0X0-10 ALL POLISHED
8118,1,90.00,"BLACK BASE: 2-0X1-0X0-8 PT BRP/ POL BEVEL FRONT/ 2"" ROCK PITCH FRONT NOSE"
8219,1,400.00,BLACK DIE: 2-0X0-8X2-8 FLAG DIE ALL  POLISHED PER TEMPLATE
8302,1,162.00,"LIBERTY GREY BASE: 5-0X1-6X0-8 TOP & FRONT BEVEL STEELED, 2"" ROCK PITCH BOTTOM NOSE, SAWN BACK, BRP"
8324,1,275.00,CATS EYE DIE: 1-10X0-8X2-6 ALL POLISHED MODIFIED  GR-240 WITHOUT CARVING (EURO DESIGN) AS PER SKETCH
8338,1,108.00,"ROYAL MAHOGANY BASE: 2-4X1-0X0-8 PT, SAWN BACK, BRP"
8341,1,517.00,CATS EYE DIE: 3-6X0-8X3-0 POL 2 SERP TOP ( POLISHED FRONT AND BACK / ROCK PITCH TOP AND ENDS
8449,1,212.00,"BLACK SLANT: 3-0X0-10X1-4 POL1 (FACE POL) SERP TOP, BACKSAWN, BRP, 2"" RP TOP NOSE, 3"" RP BOTTOM NOSE"
8464,1,84.00,"BLACK BASE: 2-0X1-0X0-8 PT/SAWN BACK/BRP/ POL BEVEL FRONT/ 2"" ROCK PITCH FRONT NOSE (AS PER SKETCH)"
8469,1,48.00,SELECT GREY MARKER: 3-0X1-2X0-4 PT/ BRP
8475,1,25.00,SELECT GREY MARKER: 2-5X1-0X0-4 PT/ BRP
8502,1,83.00,"LIBERTY GREY BASE: 2-2X1-1X0-10 PT, SAWN BACK, BRP"
8504,1,100.00,"LIBERTY GREY BASE: 3-8X1-1X0-8 PT, SAWN BACK, BRP"
8632,1,388.00,BLACK DIE: 1-8X0-8X3-6 ALL POLISHED MODEL C (AS PER SKETCH)
8736,1,102.00,"LIBERTY GREY BASE: 3-0X1-6X0-8 PT/1- 1/2"" POL MRG/ BRP"
8843,1,343.00,BLUE PEARL BASE: 2-6X1-2X0-10 PT/ BRP
8894,1,163.00,INDIA MIST DIE: 1-8X0-8X2-6 POL2 SERP TOP
8902,1,138.00,BLUE BASE: 2-10X1-0X1-0 ALL POLISHED
8930,1,133.00,BLACK BASE: 3-2X1-1X0-8 PT/SAWN BACK/ BRP
8973,1,109.00,SELECT GREY DIE: 1-10X0-8X2-4 STEELED 2 SERP TOP ( STEELED FRONT AND BACK/ ROCK PITCH TOP AND ENDS
8993,1,81.00,SELECT GREY BASE: 3-0X1-4X0-6 PT/ SB/ BRP
9007,1,160.00,BLACK DIE: 1-8X0-8X2-4 POL 2 BRP  SERP TOP
9044,1,36.00,"BLACK VASE: 0-6 1/2X0-6 1/2X1- 1/2"" ALL POLISHED 1"" TAPERED VASE"
9110,1,297.00,"INDIA RED SLANT: 3-0X0-10X1-6 POL1 (FACE POL) BACKSAWN, BRP WITH RP RECESSED, TAPERED WINGS PER SKETCH/PHOTO"
9125,1,28.00,SELECT GREY REPLICA CROSS: 0-10X0-4X1-3 ALL POL
9129,1,133.00,BLACK DIE: 1-6X0-6X2-2 POL5 SERP TOP
9328,1,81.00,BLACK COPING: 4-6X0-6X0-6 ALL POL = 2 PC/ 1-6X0-6X0-6 ALL POLISHED = 1PCS
9424,1,158.00,"BLACK HICKEY: 2-0X1-0X1-0/ 0-10 PT/2"" POL MRG (3) SIDES/ BACK ROCK PITCH/ BRP"
9425,1,650.00,BLACK DIE: 1-10X0-8X2-6  DREAMING ANGEL
9457,1,144.00,BLUE PEARL BASE: 2-0X1-0X0-8 PT/BRP
9487,1,274.00,STRAWBERRY  RED DIE: 2-0X0-8X2-4 POL 5 SERP TOP
9609,1,231.00,CHARCOAL GREY DIE: 2-0X0-8X2-4 POL5 SERP TOP
9610,1,102.50,"CHARCOAL GREY BASE: 2-4X1-0X0-8 PT, BRP, 2"" POL MARGIN"
9611,1,116.00,"CHARCOAL GREY BASE: 2-4X1-0X0-8 PT, SAWN BACK, BRP, 2"" POL MARGIN ON RP ENDS"
9612,1,289.00,CHARCOAL GREY DIE: 2-6X0-8X2-4 POL5 SERP TOP
9644,1,209.00,"CHARCOAL GREY SLANT: 3-0X0-10X1-4 POL2,(TOP AND FACE POL) SAWN BACK, BRP, SERP TOP"
9649,1,132.00,"INDIA RED HICKEY: 2-0X1-0X1-0/0-10 PT/ 2"" POL MRG/ BRP"
9650,1,193.00,CHARCOAL GREY DIE: 3-0X0-8X2-0 POL5 SERP TOP
9651,1,240.00,CHARCOAL GREY DIE: 3-0X0-8X2-6 POL5 SERP TOP
9652,1,112.00,"CHARCOAL GREY BASE: 3-6X1-0X0-8 PT, BRP, 2"" POL MARGIN"
9696,1,90.00,LIBERTY GREY DIE: 1-8X0-2X3-4 ALL STEELED CROSS (AS PER TEMPLATE MAILED)
9724,1,65.00,SELECT GREY HICKEY: 2-0X1-0X0-6 /0-5 POLISHED TOP &1.75 BEVELED EDGES/ BRP (AS PER PICTURE)
9745,1,60.00,"SELECT GREY BASE: 2-0X1-0X0-8 POL TOP, POL FRONT BEVEL, BRP WITH 2"" FRONT BOTTOM RP NOSING"
9746,1,68.00,SELECT GREY HICKEY: 2-4X1-4X0-6/0-4 PT/ BRP
9789,1,367.00,BLACK DIE: 1-10X0-8X2-4 SUNRISE OVER THE MOUNTAINS PER SKETCH
9808,1,88.00,"CHARCOAL GREY BASE: 2-0X1-0X0-8 PT, BRP, 2"" POL MARGIN"
9811,1,203.50,"CHARCOAL GREY BASE: 3-6X1-2X0-8 PT, SAWN BACK, BRP, 2"" POL MARGIN"
9812,1,201.00,CHARCOAL GREY DIE: 1-10X0-8X2-6 POL5 SERP TOP
9824,1,47.00,SELECT GREY BASE: 2-4X1-0X0-6 PT/ SB/BRP
9825,1,136.00,CHARCOAL GREY DIE: 1-10X0-8X2-4 ALL POL SPECIAL DESIGN AS PER TEMPLATE
9871,1,212.00,CHARCOAL GREY DIE: 3-0X0-8X2-2 POL 2 SERP TOP (POLISHED FRONT AND BACK/ ROCK PITCH TOP AND ENDS)
9911,1,155.00,"CHARCOAL GREY DIE: 1-10X0-8X2-4 ALL POL SPECIAL DESIGN WITH 7""X10"" OVAL RECESS 3/8"" DEEP PER TEMPLATE"
10162,1,73.00,"SELECT GREY BASE: 2-4X1-0X0-8 POLISHED TOP, POLISHED FRONT BEVEL, SAWN BACK, BRP WITH 2"" ROCK PITCH FRONT NOSE"
10170,1,105.00,"INDIA MIST BASE: 2-4X1-0X0-8 PT, SAWN BACK, BRP, 2"" POL MARGIN"
10268,1,248.00,CHARCOAL GREY DIE: 2-0X0-8X2-6 POL5 SERP TOP
10309,1,270.00,CHARCOAL GREY DIE: 2-6X0-8X2-2 POL5 SERP TOP
10334,1,380.00,INDIA MIST DIE: 1-8X0-8X4-0 ALL POLISHED ANTON
10444,1,167.00,"CHARCOAL GREY SLANT: 2-0X1-0X1-4 ALL POL SERP TOP WITH 2"" TOP NOSE/3""BOTTOM NOSE"
10491,1,139.00,"CHARCOAL GREY SLANT: 2-0X0-10X1-4 POL 1 SERP TOP ( POLISHED FACE / SAWN BACK/ ROCK PITCH TOP, FRONT NOSE AND ENDS)"
10548,1,110.00,CHARCOAL GREY SLANT: 1-10X0-10X1-6 POL2(FACE & TOP POL) SAWN BACK BRP SERP TOP
10587,1,125.00,CHARCOAL GREY DIE: 1-8X0-8X2-4 POL 5 SERP TOP
10659,1,45.00,BLUE MARKER: 2-0X1-2X0-4 PT BRP
10677,1,183.00,BAHAMA BLUE DIE: 1-10X0-8X2-4 POL2 BRP SERP TOP
10678,1,81.00,"CHARCOAL GREY BASE: 2-2X1-0X0-6 PT, BRP, 2"" POL MARGIN"
10679,1,109.00,CHARCOAL GREY DIE: 1-8X0-6X2-2 POL5 SERP TOP
10680,1,74.50,"CHARCOAL GREY BASE: 2-0X1-0X0-6 PT, BRP, 2"" POL MARGIN"
10714,1,225.00,"BLACK BASE: 3-0X1-4X1-2 POL TOP, POL FRONT BEVEL, BRP with 2"" RP NOSING AT BOTTOM, FRONT"
10748,1,221.00,"CHARCOAL GREY DIE: 1-8X0-8X2-8 POL5 SERP TOP (1/4"" TOLERANCE)"
10757,1,183.00,INDIA MIST DIE: 1-10X0-8X2-4 SERP TOP POL 2 (POL FRONT & BACK / ROCK PITCH TOP AND ENDS)
10787,1,99.00,"VEGA BLUE BASE: 2-0X1-0X0-8 PT BRP 2"" POL MARGIN"
10799,1,47.00,DELUXE GREY BASE: 2-0X0-10X0-8 PT SB BRP
10853,1,105.00,"VEGA BLUE BASE: 2-4X1-0X0-8 PT SB BRP 2"" POL MARGIN ON 3 RP ENDS"
10857,1,80.00,"BLACK BASE: 2-0X1-0X0-6 PT, SAWN BACK, BRP, 2"" POL MRG ON 3 RP ENDS"
10920,1,264.00,INDIA RED BASE: 4-0X1-0X1-0 PT BRP
11032,1,202.00,STRAWBERRY RED DIE: 1-8X0-8X2-4 POL 5 SERP TOP
11046,1,149.00,CHARCOAL GREY BASE: 3-0X1-0X0-8 PT/BRP
11050,1,410.00,STRAWBERRY RED DIE: 3-0X0-8X2-4 POL 5 SERP TOP
11054,1,112.00,CHARCOAL GREY DIE: 1-8X0-8X2-2 POL 2 SERP TOP ( POLISHED FRONT AND BACK/ ROCK PITCH TOP AND ENDS)
11101,1,169.00,"STRAWBERRY RED SLANT: 2-0X0-10X1-6 POL2 SERP (FACE&TOP POL) SAWN BACK, BRP, 2""TOP &3"" BOTTOM NOSE"
11118,1,400.00,STRAWBERRY RED DIE: 3-0X0-8X2-6 POL 5 SERP TOP
11128,1,110.00,INDIA IMPALA BASE: 2-0X1-2X1-0 PT/ SB/ BRP
11222,1,14.50,STRAWBERRY RED MARKER: 1-2X0-8X0-4 PT/ SS
11280,1,172.00,"STRAWBERRY RED BASE: 2-6X1-2X0-8 PT, BRP, 2"" POL MARGIN"
11286,1,182.00,"CHARCOAL GREY BASE: 3-8X1-0X0-8 PT/ 2"" POLISHED MRG/BRP"
11291,1,178.00,"STRAWBERRY RED BASE: 4-0X1-0X0-8 PT, BRP"
11306,1,161.00,DELUXE GREY DIE: 2-0X0-8X2-9 POL 2 SERP TOP (POLISHED FRONT AND BACK/ ROCK PITCH TOP AND ENDS)
11314,1,192.50,CANADIAN MAHOGANY DIE: 1-10X0-8X2-4 POL2 BRP SERP TOP
11349,1,285.00,"STRAWBERRY RED BASE: 4-0X1-2X0-8 PT, BRP, 2"" POL MARGIN"
11368,1,55.00,INDIA IMPALA MARKER: 3-0X1-0X0-4 PT/ BRP
11383,1,251.00,BLACK DIE: 1-10X0-8X2-6 ALL POLISHED FLAT TOP WITH  HEART STICKING OUT
11441,1,137.00,DELUXE GREY DIE: 1-10X0-8X3-0 POL5 SERP TOP
11443,1,318.00,SELECT GREY DIE: 1-10X0-8X2-4 POL5 SERP CARVED BM IN HEART SHAPED 10X12 NICHE PER TEMPLATE
11468,1,438.00,SELECT GREY DIE: 1-8X0-10X2-0 P2 BRP WEEPING ANGEL WITH FLOWER ( AS PER SKETCH/ PICTURE)
11520,1,292.00,BLACK DIE: 3-4X0-8X1-10 POL 5 SERP TOP
11632,1,108.00,"STRAWBERRY RED BASE: 2-0X1-0X0-8 PT/ 2"" POL MARGIN 3 SIDES/ SAWN BACK/ BRP"
11654,1,91.00,"IMPALA BLACK BASE: 2-2X1-1X0-10 PT/ 2"" POL MRG (3) SIDES/ SAWN BACK / BRP"
11686,1,172.00,G633  DIE: 3-0X0-8X2-2 STEELED 3 FLAT TOP ( STEELED FRONT BACK AND TOP/ BRP)
11693,1,84.00,STRAWBERRY RED BASE: 2-0X1-0X0-10 PT/SB/ BRP
11709,1,118.00,STRAWBERRY  RED BASE: 2-4X1-0X0-8 PT/BRP
11712,1,102.00,CHARCOAL GREY BASE: 2-4X1-2X0-6 PT/ BRP
11724,1,96.00,"INDIA MIST BASE: 2-0X1-0X0-8 PT, BRP, 2"" POL MRG."
11760,1,99.50,CHARCOAL GREY BASE: 2-0X1-0X0-8 PT SB BRP
11791,1,72.00,COFFEE BROWN BASE: 2-0X1-0X0-8 PT BRP
11825,1,280.00,CHINA BARRY GREY DIE: 3-6X0-8X3-0 POL1 SERP TOP (POLISHED FRONT/ SAWN BACK/ ROCK PITCH TOP AND ENDS)
11828,1,84.00,STRAWBERRY RED MARKER: 3-0X1-0X0-4 PT/SS
11857,1,32.00,CHARCOAL GREY DIE: 0-5X 0-4 X1-3.5 ALL POLISHED CROSS ( AS PER SKETCH)
11876,1,197.00,BLACK BASE: 4-0X1-4X0-8 PT/ SAWN BACK/ BRP
11910,1,88.00,STRAWBERRY RED RED BASE: 2-0X1-0X0-8 PT SB BRP
11935,1,130.00,BLACK BASE: 4-0X0-10X0-8 PT/SB/BRP
11992,1,236.00,STRAWBERRY RED DIE: 1-8X0-8X2-6 POL 2 SERP TOP (POLISHED FRONT AND BACK / ROCK PITCH TOP AND ENDS)
12008,1,288.00,STRAWBERRY RED DIE: 2-0X0-8X2-8 POL 5 SERP TOP
12051,1,290.00,LIBERTY GREY DIE: 2-6X0-8X2-2 POL2  BRP OVAL TOP with Rose Carving
12052,1,86.00,"LIBERTY GREY BASE: 3-0X1-0X0-8 PT, BRP"
12152,1,195.00,"BLACK WESTERN SLANT: 2-0X1-0X1-6 FLAT TOP POL2 (FACE & BACK POL) BRP, 6"" RP TOP NOSE, NO BOTTOM NOSE"
12257,1,149.00,"CHARCOAL GREY BASE: 3-0X1-0X0-8 PT, SAWN BACK, BRP, 2"" POL MRG."
12276,1,220.00,DELUXE GREY DIE: 3-0X0-8X2-6 POL2 (FRONT&BACK POL) BRP SERP TOP
12277,1,107.00,"DELUXE GREY BASE: 3-6X1-0X1-0 PT, BRP"
12324,1,75.00,BLACK VASE: 0-6 DIA.X0-10  ALL POLISHED  STANDARD TURNED VASE
12326,1,171.00,"BAHAMA BLUE BASE: 3-6X1-0X0-8 PT/ BRP/2"" POL MRG. ALL 4 SIDES"
12356,1,170.00,"BLACK SLANT: 2-0X1-0X1-6 POL3 FLAT TOP  (POLISHED FACE /2"" POLISHED FLAT TOP NOSE/ POLISHED BACK/ 3"" ROCK PITCH BOTTOM NOSEAND ENDS)"
12384,1,149.00,BLACK BASE: 3-2X1-0X0-8 PT/ 2' POL MRG/ BRP
12528,1,151.00,"INDIA RED BASE: 2-4X1-0X0-8 PT/ POLISHED BEVEL FRONT/ 2"" ROCK PITCH FRONT NOSE / SAWN BACK/BRP"
12592,1,154.00,"CATS EYE BASE:2-0X1-3X0-6 POL TOP (10"" BED)/ POL BEVEL/2"" ROCK PITCH, FRONT NOSE/ BRP"
12628,1,446.00,BLACK DIE: 3-6X0-10X2-6 POL 5 SERP TOP
12671,1,173.00,"CAPPUCCINO BASE: 2-4X1-0X0-8 PT, SAWN BACK, BRP, 2"" POL MRG ON 3 RP ENDS"
12672,1,440.00,"CAPPUCCINO DIE: 1-10X0-8X2-4 POL3, SERP, ENDS ROCK PITCH"
12673,1,210.00,"CAPPUCCINO BASE: 2-4X1-0X0-8 POL TOP, POL FRONT BEVEL, SAWN BACK BRP WITH 5.5"" RP FRONT NOSE PER DRAWING"
12676,1,105.50,"CAPPUCCINO BASE: 2-0X1-0X0-6 PT, BRP"
12743,1,248.00,"BLACK DIE: 1-10X0-8X2-8 ALL POL OPEN BOOK TOP WITH 4"" BEVEL PER TEMPLATE J-1012"
12768,1,269.00,CATS EYE BASE: 4-0X1-2X1-0 PT/ SB/  BRP
12800,1,211.00,ROYAL MAHOGANY DIE: 1-10X0-8X2-4 POL2 SERP TOP BRP
12824,1,46.00,"GREY MARKER FOR BRONZE PLAQUES: 2-4X1-6X0-4 PT BRP  W/ FOUR 1"" dia. Thru Holes & ONE 6"" dia vasehole as per template"
12845,1,60.50,SELECT GREY BASE: 3-0X1-0X0-6 PT SB BRP
13003,1,142.00,BLUE PEARL BASE: 2-0X1-0X0-8 PT/SAWN BACK/BRP
13055,1,113.00,STRAWBERRY RED MARKER FOR BRONZE PLAQUES:2-4X1-6X0-4 PT / BRP
13056,1,284.00,"BLACK WESTERN SLANT: 3-0X1-0X1-6 ALL POLISHED FLAT TOP 3"" TOP NOSE / NO FRONT NOSE"
13080,1,413.00,BLACK DIE: 3-8X0-8X2-6 POL 5 SERP TOP
13103,1,260.00,BLACK DIE: 2-0X0-8X2-6 ALL POLISHED ANTON WITHOUT CHAMFERS (AS PER DIAGRAM)
13155,1,217.00,ROYAL PINK DIE: 2-6X0-8X2-2 POL 3 SERP TOP ( POLISHED FRONT BACK AND TOP / ROCK PITCH ENDS)
13168,1,775.00,BLACK DIE:4-0X0-8X2-10 ALL POLISHED WITH CARVED ROSES AND BUTTERFLY (AS PER PICTURE / TEMPLATE)
13177,1,156.00,"BLACK BASE: 2-10X1-2X0-8 PT BRP 2"" POL MARGIN"
13291,1,42.50,CAPPUCCINO TURNED VASE: 0-4X0-4X0-10 ALL POL WITH SIDE DRAIN-HOLE
13299,1,80.00,"INDIA RED BALL: 0-8 DIA X 0-8 ALL POLISHED BALL WITH 1"" X1""  DOWEL HOLE (AS PER DIAGRAM)"
13418,1,230.00,STRAWBERRY RED DIE: 1-10X0-8X2-4 POL 5 OVAL TOP
13454,1,82.00,BLACK DIE: 1-4X0-6X1-8 POL 2 SERP TOP ( POLISHED FRONT AND BACK/ ROCK PITCH TOP AND ENDS)
13455,1,32.00,BLACK MARKER: 1-8X1-0X0-4 PT / BRP
13461,1,330.00,BLACK DIE: 2-0X0-8X2-8 ALL POLISHED TEARDROP (AS PER DIAGRAM)
13489,1,198.00,"INDIA RED SLANT: 2-0X1-0X1-6 POL 1 SERP TOP ( POLISHED FACE / 2"" TOP 3"" BOTTOM ROCK PITCH NOSE / ROCK PITCH ENDS / SAWN BACK"
13537,1,166.00,"INDIA RED SLANT: 2-0X1-0X1-4 POL 2 SERP TOP (2"" POLISHED TOP NOSE AND FACE/ 4"" ROCK PITCH FRONT NOSE/ ROCK PITCH ENDS/ SMOOTH BACK)"
13600,1,132.00,"STRAWBERRY RED SLANT: 2-0X1-0X1-0 POL 1 FLAT TOP ( POLISHED FACE / 2"" TOP 3"" BOTTOM NOSING ROCK PITCH / ROCK PITCH ENDS / SAWN BACK"
13606,1,60.00,"LIGHT GREY MARKER  FOR BRONZE PLAQUES: 2-4X1-4X0-4 PT SS W/ FOUR 1"" dia. Thru holes as per template"
13629,1,57.00,DELUXE GREY BASE: 2-4X1-2X0-8 PT BRP
13661,1,124.00,CHARCOAL GREY BASE: 2-0X1-0X0-10 PT/  BRP
13732,1,293.00,GREY DIE: 1-10X0-8X2-6 ALL STEELED WITH CARVED LILLY PAINTED WHITE (AS PER DIAGRAM)
13755,1,72.25,IMPERIAL PINK COPING: 2-0X1-3X0-4 PT / ROCK PITCH OUTSIDE / SAWN INSIDE
13760,1,99.00,BLACK BASE: 2-2X1-2X0-8 PT/SB/BRP
13763,1,18.70,BLACK MARKER: 1-4X0-10X0-4 PT/ SS
13861,1,205.00,"STRAWBERRY RED SLANT: 2-0X0-10X1-6 POL3 SERP POLISHED FACE 2""TOP NOSE  AND BACK/ROCK PITCH ENDS & 3"" FRONT NOSE"
13872,1,188.00,"IMPALA BLACK BASE: 4-0X1-0X0-8 PT/ 4"" POLISHED MARGIN / BRP"
13931,1,400.00,BLACK GALAXY DIE:1-10X0-8X2-4 BOOK OF LIFE (PAGES ALSO POLISHED WITH PAGE LINES)
13932,1,127.00,BLACK GALAXY BASE:2-4X1-0X0-8 PT SB BRP
13933,1,145.00,IMPERIAL PINK BASE: 2-10X1-0X0-8 PT BRP
13934,1,299.00,IMPERIAL PINK DIE: 2-4X0-8X2-6 POL2 SERP TOP BRP
13938,1,561.00,"STRAWBERRY RED DIE: 3-6X0-8X2-6 ALL POLISHED ASIAN TOP WITH 2 (1"") DRILL HOLES FOR BALLS (AS PER DIAGRAM)"
13952,1,370.00,DELUXE GREY DIE: 2-0X0-8X2-9 POL5 SERP TOP WITH BLESSED MOTHER IN 12X14 CUSTOM SHAPE NICHE
14071,1,448.00,INDIA RED DIE: 2-8X0-8X3-0 POL 5 SERP TOP
14089,1,266.00,BAHAMA BLUE DIE: 2-2X0-8X2-6 All Pol Half Serp per template
14090,1,104.00,BAHAMA BLUE BASE: 2-8X1-0X0-6 ALL POL
14094,1,136.00,GREY DIE: 1-10X0-6X2-8 ALL POL LATIN CROSS WITH ONE BOTTOM/CENTER DOWEL HOLE PER TEMPLATE
14095,1,185.00,"GREY BASE: 4-6X1-0X1-0 POL TOP, POL FRONT, BRP WITH ONE TOP/CENTER DOWEL HOLE PER TEMPLATE"
14108,1,132.00,"BLACK SLANT: 2-0X1-0X1-0 ALL POLISHED SERP TOP 2"" TOP 3"" BOTTOM NOSE"
14110,1,548.00,INDIA RED DIE: 1-10X0-8X2-4 ALL POL SPECIAL HEART WITH RAISED CARVINGS OF ELEPHANT & SUNFLOWER PER TEMPLATE
14113,1,162.00,"CAPPACCINO BASE: 2-0X1-0X0-8 PT/ 2"" POL MRG/ BRP"
14157,1,412.00,BLACK DIE: 2-0X0-8X3-2 ALL POL WITH CUT-THRU CROSS & STIPPLED RECESS PER TEMPLATE
14174,1,1600.00,SELECT GREY WEEPING ANGEL: 4-4X1-4X4-0 ALL STEELED PER DRAWING & CLAY MODEL
14180,1,150.00,"GREY HICKEY: 3-10X1-9X0-6/0-4 PT, BRP WITH FOUR THRU DRILLHOLES PER TEMPLATE"
14219,1,530.00,BLACK LEDGER: 2-0X5-0X1-0 PT/BRP
14241,1,117.00,"INDIA RED BASE: 2-4X1-0X0-8 PT/ 2"" POL MRG (3) SIDES/ SAWN BACK/ BRP"
14323,1,392.00,BLACK DIE: 2-8X0-8X2-4 POL2 BRP TRIPLE HEART PER TEMPLATE
14365,1,221.00,"BLACK BASE: 4-6X1-2X0-6 PT/ 2"" POL MRG/ BRP"
14371,1,295.00,BLACK DIE: 1-8X0-8X3-0 POL 2 SPECIAL SHAPE (POLISHED FRONT AND BACK / BALANCE SMOOTH-AS PER DIAGRAM)
14384,1,342.00,"BLACK DIE: 2-0X0-6X3-6 ALL POLISHED CROSS WITH ONE 3/4"" DIA X 2.5"" DOWEL HOLE BOTTOM CENTER (AS PER TEMPLATE)`"
14404,1,72.00,ROYAL PINK BASE: 2-0X1-0X0-8 PT BRP
14472,1,175.00,ROYAL PINK DIE: 1-8X0-8X2-6 POL5  SERP TOP
14495,1,146.00,"BLACK SLANT: 2-0X0-10X1-4 POL 3 SERP TOP (POLISHED 2"" TOP NOSE FACE AND BACK / 3"" ROCK PITCH FRONT NOSE AND ENDS (AS PER DIAGRAM)"
14528,1,495.00,BLACK DIE: 2-0X0-10X2-4 POL 5 SERP TOP
14545,1,68.00,SHANDONG GREY DIE: 1-6X0-6X2-2 POL 2 SERP TOP ( POLISHED FRONT AND BACK / ROCK PITCH TO AND ENDS)
14552,1,116.00,CHARCOAL GREY BASE: 2-0X1-2X0-8 PT/ SB/ BRP
14591,1,125.00,"ROYAL PINK BASE: 3-0X1-0X0-8 PT/ 2"" POL MRG/BRP"
14594,1,209.00,ROYAL PINK DIE: 2-0X0-8X2-6 POL5 SERP TOP
14595,1,77.00,"ROYAL PINK BASE: 2-6X1-0X0-6 PT, BRP"
14599,1,119.00,"CATS EYE BASE: 2-2X1-2X0-8 PT, SAWN BACK, BRP"
14608,1,145.00,ROYAL PINK DIE: 1-10X0-6X2-2 POL5 SERP TOP
14609,1,122.00,ROYAL PINK DIE: 1-10X0-6X2-2 POL2 BRP SERP TOP
14665,1,364.00,BLACK DIE: 1-10X0-8X2-6 ALL POL MODEL GRU-405  (WITH ROSE AND SCROLL ETCHING) AS PER DIAGRAM/PICTURE
14686,1,344.00,"INDIA MIST BASE: 7-0X1-2X0-6 PT / 2"" POL MRG / BRP"
14740,1,477.00,BLACK DIE: 2-0X0-10X4-6 POL 2 SERP TOP ( POLISHED FRONT AND BACK / ROCK PITCH TOP AND ENDS
14847,1,239.00,BLACK DIE: 1-10X0-6X2-4 ALL POL SINGLE HEART PER TEMPLATE
14884,1,35.00,"ROYAL PINK VASE: 4"" DIA. X 10"" ALL POLISHED TURNED"
14984,1,189.00,"INDIA MIST SLANT 2-0X1-0X1-6 POL 2  SERP TOP  (POL  2"" TOP NOSE AND FACE / 3""ROCK PITCH BOTTOM NOSE/ ROCK PITCH ENDS/ SAWN BACK)"
15006,1,254.00,"INDIA MIST DIE: 1-10X0-8X2-10 ALL POL  WITH 6"" DROP PER TEMPLATE"
15010,1,594.00,BLACK GALAXY DIE: 1-10X0-8X2-4 CARVED ANGEL OVER HEART WITH RAISED ROSE AND STEM ( AS PER DIAGRAM / PICTURE)
15015,1,227.00,BLACK DIE: 1-10X0-8X2-10 POL 2 (FRONT/BACK POL) BRP  SERP TOP
15055,1,45.00,"LIGHT GREY MARKER  FOR BRONZE PLAQUES: 2-4X1-6X0-4 PT SS W/ FOUR 1"" dia. thru holes and one 6"" vasehole as per template"
15059,1,411.00,SIRA GREY DIE: 4-0X0-8X2-4 POL 5 SERP TOP
15060,1,207.00,"SIRA GREY BASE: 4-8X1-2X0-8 PT, BRP"
15110,1,41.00,ROYAL PINK MARKER: 2-0X1-2X0-4 PT/ BAL SAWN
15143,1,432.00,STRAWBERRY RED DIE: 4-0X0-8X1-10 POL5 SERP TOP
15245,1,163.00,"SELECT GREY BASE: 3-0X2-0X0-8 PT, BRP"
15265,1,330.00,STRAWBERRY RED DIE: 1-8X0-8X2-8 ALL POL SPECIAL PER TEMPLATE
15299,1,118.00,DELUXE GREY BENCH: SEAT:3-0X1-2X0-4 POL5 WITH 0-4X1-0X1-2  POL4 STRAIGHT LEGS
15300,1,424.00,BLUE PEARL DIE:1-10X0-8X2-4 ALL POL STACKED HEART PER TEMPLATE
15317,1,143.00,DELUXE GREY DIE: 1-10X0-8X2-8 POL 2 SERP TOP ( POL FRONT & BACK) ROCK PITCH ENDS AND TOP
15318,1,308.00,DELUXE GREY DIE: 3-6X0-8X3-0 POL 2 SERP TOP (POLISHED FRONT & BACK/ ROCK PITCH TOP AND ENDS)
15343,1,348.00,"STRAWBERRY RED BASE: 4-0X1-2X1-0 PT/ 2"" POL MARGIN/ BRP"
15346,1,489.00,STRAWBERRY RED DIE: 3-10X0-8X2-2 POL 5 SERP TOP
15349,1,212.00,"DARK INDIAN IMPALA SLANT: 3-0X0-10X1-4 POL2 (FACE & BACK POL) SERP TOP WITH 2"" RP TOP NOSING/3""RP BOTTOM NOSING & ENDS RP"
15350,1,112.00,"BLACK BASE: 2-0X1-0X0-10 PT BRP 4"" POL MARGIN"
15355,1,175.00,STRAWBERRY RED BASE: 4-2X0-10X0-8 PT/ BRP
15274,1,330.00,CAPPUCCINO DIE: 1-8X0-8X2-6 POL5 SERP TOP
